pdb_id,bmrb_id
1acp,3
1ahl,5
1egl,18
1kx6,23
5hir,27
2hir,27
1tur,42
1omu,42
1omt,42
1tus,44
1pit,45
2bus,53
1bus,53
4ait,60
3ait,60
2ait,60
1dtk,66
2crd,114
1ntx,132
4tgf,162
2cbh,192
1cbh,192
1t2y,248
1uua,262
1shi,275
2il8,280
1il8,280
1ner,287
1neq,287
2bcb,327
2bca,327
1clb,327
1cdn,327
1aps,329
1cb1,390
1arr,395
1arq,395
2eti,397
1scy,408
1c5a,421
7i1b,434
6i1b,434
1wrt,441
1wrs,441
1rcs,441
2aas,443
2gvb,444
2gva,444
2bds,480
1bds,480
1jor,494
1joo,494
1lqc,736
1bnr,975
1hui,994
1hls,994
1a7f,994
1hom,1037
2sh1,1049
1sh1,1049
1e8l,1093
1bdd,1120
1bdc,1120
1hic,1128
1mhu,1154
1atx,1206
1l4v,1209
2hiu,1344
1xgl,1344
1t1p,1344
1t1k,1344
1sju,1344
1sjt,1344
1sf1,1344
1hit,1344
1his,1344
1hiq,1344
1lkq,1344
1m8c,1374
1m8b,1374
1pdc,1474
1hcc,1479
2bbi,1495
1bbi,1495
1mhj,1585
1mhi,1585
2igg,1639
1rch,1657
1ax3,1663
1apc,1672
2nbt,1675
1epj,1729
1epi,1729
1eph,1729
1epg,1729
1cop,1743
1lac,1756
1lab,1756
1vkt,1760
1srb,1811
1xob,1812
1xoa,1812
3ci2,1870
1ka5,2030
2abd,2049
1egr,2151
1ego,2151
3egf,2201
1egf,2201
2ech,2204
1bba,2223
1edp,2262
1ttg,2281
1ttf,2281
1bhb,2282
1bha,2282
1hdn,2371
1pcp,2384
1bqt,2498
1r63,2539
1pra,2539
1bbl,2546
1bal,2546
1iob,2718
1n4y,2856
1cey,2950
4trx,2958
3trx,2958
1pon,3118
1e8q,3322
1e8p,3322
1sym,4001
1b4c,4001
2sob,4010
1kum,4011
1kul,4011
1brv,4020
2spz,4023
1dhm,4035
1akp,4036
1clh,4037
1jr5,4040
1nrb,4043
1nra,4043
1yua,4045
1hue,4047
1aq5,4054
1azj,4058
1azk,4059
1bf8,4070
1aab,4079
1tnx,4080
1tnw,4080
1itf,4081
1pfl,4082
1sxl,4085
2a5e,4086
1a5e,4086
1dbd,4087
2ezi,4090
2ezh,4090
1bld,4091
1bla,4091
2jhb,4092
1iti,4094
1bcn,4094
1bbn,4094
1auu,4095
1vrf,4096
1vre,4096
1ig6,4100
2hoa,4104
1san,4104
1ahd,4104
2ezc,4106
2ezb,4106
2eza,4106
1ezd,4106
1ezc,4106
1ezb,4106
1eza,4106
1e68,4112
1a5j,4114
1imq,4115
1imp,4115
1e0h,4115
1b64,4117
1a60,4120
1bw5,4121
5hck,4122
4hck,4122
1d5g,4123
2a3d,4126
2tbd,4127
1tbd,4127
1tmz,4133
1vnd,4141
1nk3,4141
1nk2,4141
3ncm,4143
1hmj,4144
1gl5,4145
1c0v,4146
1a91,4146
1h95,4147
1bj8,4150
1c99,4151
1c17,4151
1rxr,4153
2eot,4155
1eot,4155
2bjx,4156
1bjx,4156
1lfc,4157
1de3,4158
1lsi,4159
2bb8,4160
1bb8,4160
1irg,4161
1irf,4161
2ncm,4162
1bk8,4163
1tn9,4165
1b69,4165
1bv8,4168
1bn9,4172
1bn0,4175
1bo0,4177
1bfy,4182
1blr,4186
1skp,4187
2giw,4189
1giw,4189
1akk,4189
1bde,4192
1bh1,4194
2btx,4195
1ljz,4195
1l4w,4195
1haj,4195
1haa,4195
1bxp,4195
2cps,4197
2cpb,4197
2a93,4200
1a93,4200
2mfn,4206
1mfn,4206
2orc,4207
1ba5,4210
3bbg,4211
2bbg,4211
1bbg,4211
1bcv,4212
2tmp,4214
1ssn,4215
1bhi,4216
1bhu,4217
1cn2,4218
1bmx,4220
1bm4,4221
1mnl,4222
1tba,4223
2myo,4224
1myo,4224
1ldz,4226
1bqz,4227
1bq0,4227
1bwe,4229
1bqx,4229
1zac,4232
1trf,4232
1tnp,4232
1skt,4232
1axh,4233
1bwt,4235
1ev0,4237
2xbd,4241
1xbd,4241
3msp,4242
1c11,4243
1g6j,4245
2lef,4248
3php,4250
1l3g,4254
2if1,4255
1x9v,4257
1vpc,4257
1m8l,4257
1esx,4257
1c54,4259
1ddm,4263
3ezb,4264
3eza,4264
1m9l,4265
1ds9,4265
1ngl,4267
1bd6,4268
1bc6,4268
1hx7,4269
1ght,4269
1jfk,4271
1b2i,4276
2b3c,4279
1b3c,4279
1qk9,4280
1z0r,4281
1xnt,4282
1xna,4282
2fnb,4283
1k2h,4285
1dqc,4290
1a2i,4291
1b5n,4292
1b1v,4292
1bpv,4295
3mef,4296
1jwe,4297
2f63,4299
1cfe,4301
1dx7,4303
1b8q,4304
1b10,4307
1c8p,4308
1ybj,4309
1qrj,4311
2hcc,4314
1ns1,4317
1g7o,4318
1ce4,4322
1dk3,4326
1bnp,4326
1bno,4326
1dk2,4326
1d2b,4327
1b22,4328
1bwm,4330
1e41,4333
1e3y,4333
1c20,4334
1cn7,4339
1ck2,4339
1df3,4340
1ly7,4342
1qm9,4343
1cpz,4344
1ntc,4348
1qgm,4351
1qey,4355
1mnt,4355
3rpb,4360
1qry,4368
1qkh,4369
1qkf,4369
1pu3,4371
1c32,4372
1c34,4372
1fho,4373
1cz5,4376
1cz4,4376
1qm3,4379
1qm2,4379
1d1d,4384
1ezy,4386
1ezt,4386
8tfv,4387
1jgk,4391
1owa,4393
2ife,4394
1d6k,4395
1b75,4395
1cou,4396
1b2t,4397
1qfa,4398
1cnl,4399
1b4y,4400
1blq,4401
1qlz,4402
1qlx,4402
1faf,4403
1qfd,4404
1khm,4405
1cmz,4407
1qk7,4410
1ql5,4412
1ttd,4415
1coc,4416
1b6f,4417
1ccq,4418
1cb9,4418
1im1,4420
1qqi,4421
1ccv,4422
1y0j,4423
1gnf,4423
1qhk,4424
3bdo,4425
2bdo,4426
1qky,4427
1qqv,4428
1rqv,4429
1rqu,4429
2cnp,4430
1jwd,4430
1cnp,4430
1a03,4430
1ckv,4431
1qm1,4434
1qm0,4434
1qn1,4435
1qn0,4435
1cej,4437
1qnd,4438
1c56,4443
1c55,4443
1d8b,4445
1quw,4446
1h7y,4447
1h6q,4447
1f3y,4448
1c8a,4449
1c89,4449
1c9f,4451
2afp,4452
1h8b,4453
1ci5,4455
1de2,4458
1de1,4458
1dpu,4460
1df6,4461
1nbj,4461
1i35,4463
1ub1,4467
1f0z,4470
1r2a,4473
1l6e,4473
1cr8,4475
1ztn,4476
1b4r,4478
1b9q,4481
1b9p,4481
1cb3,4483
2mob,4486
1ce3,4487
1qjt,4491
1jba,4492
1ud7,4493
1om2,4496
7hsc,4497
1ckr,4497
1cl4,4498
1cnn,4500
1qmw,4503
1cw5,4506
3leu,4507
2leu,4507
1cw6,4507
1cxr,4509
1cxw,4510
1d2l,4514
3pdz,4516
1d7q,4519
1d8v,4522
1dc2,4526
1ntr,4527
1dc7,4527
1dgo,4536
1qtg,4540
1nla,4540
1quz,4541
1qe7,4542
1cqu,4551
1g8c,4552
1qlo,4557
1g11,4560
1g10,4560
1dwz,4563
1dwy,4563
1b4o,4570
1ef4,4571
1du6,4572
1d4b,4574
1c06,4577
1c05,4577
1d1o,4581
1doq,4583
1dp3,4584
1du9,4585
1ed0,4587
1ed7,4588
1ehx,4589
1eih,4590
1eig,4590
1ejq,4591
1ejp,4591
1eoq,4593
1ckz,4595
1ckw,4595
1cky,4596
1ckx,4596
1do9,4602
1hqb,4603
1dv5,4603
1eqx,4607
1emq,4609
1evm,4610
1evo,4612
1f5g,4614
1dkc,4615
1bt7,4617
1dxn,4618
1e0e,4619
1e1w,4620
1e1u,4620
1e52,4622
1e5c,4623
1e5b,4623
1g9e,4628
1dqb,4630
1du1,4631
1f16,4632
1fyj,4634
1s5r,4635
1s5q,4635
1g1e,4635
1f2h,4636
1f43,4637
1fa3,4638
1fex,4639
1fjn,4640
1fo7,4641
1fkc,4641
1fqq,4642
1fry,4643
1fv5,4644
1fwo,4645
1fyy,4647
1fzt,4648
1g03,4649
1g04,4650
1fdf,4651
1edx,4652
1edw,4653
1edv,4654
1eds,4655
1g26,4656
1c15,4661
1c3t,4663
1jzu,4664
1ix5,4668
1cwx,4669
1j6y,4670
1e09,4671
1eij,4674
1e17,4675
1exk,4677
1eik,4678
1e0g,4680
1b4m,4681
1dl0,4685
1el0,4686
1c6w,4696
1d1n,4697
1ks6,4698
1emz,4699
1d9s,4701
1qlk,4702
1ha6,4703
1cx1,4706
1e0m,4713
1e0l,4714
1e0n,4715
1n4c,4716
1f7x,4717
1f7w,4717
1d8k,4721
1d8j,4721
1emw,4727
1hjd,4731
1jyt,4735
1e1j,4736
1e1g,4736
1ey1,4737
1gh9,4740
1d0r,4741
1f22,4743
1ehj,4743
1new,4744
1k8s,4745
1eqk,4748
1ivm,4751
1j9i,4752
1emx,4755
1dv0,4757
1f53,4758
1qpu,4759
1c49,4760
1qfr,4774
1duj,4775
1plo,4779
1g2h,4784
1hn6,4787
1f81,4789
1xr0,4790
1onb,4791
1jr6,4791
1kd6,4797
1fpw,4798
1fi0,4799
1nx7,4803
1cjg,4813
1ls4,4814
1ffj,4815
1jo7,4816
1fo5,4817
1hzm,4818
1dcj,4819
1hd6,4820
1m58,4825
1gd3,4827
1cyv,4827
1cyu,4827
1gd4,4828
1jxs,4829
1gh5,4833
1g6e,4833
1p4s,4840
1qbf,4842
1ga3,4843
1e74,4845
1e75,4846
1e76,4847
1ls8,4849
1gm0,4849
1xfr,4849
1fov,4850
1fh3,4853
1bmr,4853
1fr0,4857
1fj7,4858
1fjc,4863
1rkj,4867
1fje,4867
1lwm,4869
1j5n,4869
1cg7,4869
1i56,4876
1hhn,4878
1ija,4879
1h67,4880
1i6c,4882
1g47,4884
1g25,4890
1g6m,4891
1m31,4892
1kvz,4893
1ekz,4894
1stu,4894
1g6p,4895
1p6u,4896
1p6q,4896
1g5v,4899
1hej,4900
1heh,4900
1pfj,4901
1rja,4902
1rkn,4905
1hf9,4906
1fjp,4907
1fjk,4907
1hdl,4910
1f96,4911
1f95,4911
1f3c,4911
1hff,4914
1hfn,4914
1hfg,4914
1g9l,4915
1bv2,4917
1hpw,4918
1g7e,4919
1g7d,4920
1g92,4921
1g9p,4923
1hp3,4923
1hp2,4924
1eyf,4925
1adn,4925
1n02,4927
1f62,4928
1xdx,4929
1hi7,4930
1ps2,4933
1hs5,4934
1kvv,4935
1kvn,4935
1hvw,4937
1fu9,4939
1jjr,4941
1hs7,4945
1hzk,4946
1jbd,4948
1ikc,4948
1ik8,4948
1hoy,4948
1qa4,4950
1hxv,4953
1i18,4954
1hze,4954
1e2b,4955
1i1s,4957
1inz,4959
1i5h,4963
1fw7,4964
1i02,4966
1ieh,4969
1i8x,4971
1i8y,4971
1k1c,4972
1i2v,4976
1ha8,4979
1g4g,4981
1g4f,4981
1k0s,4984
1ykg,4985
1ezp,4986
1ezo,4986
1i25,4988
1hy8,4989
1ip0,4990
1iox,4990
1ilo,4991
1sjg,4992
1ihq,4995
1iio,4996
1jco,4997
1ik0,5004
1ijz,5004
1hwq,5007
1jaj,5010
1j7m,5012
1gxe,5014
1ich,5018
1i98,5020
1i8e,5021
1i4v,5022
1i4c,5023
1kl8,5024
1kfh,5024
1kc4,5024
1idl,5024
1idi,5024
1idh,5024
1idg,5024
1abt,5024
1i5t,5026
1j8k,5027
1ib9,5028
1nh5,5029
1i6g,5029
1i6f,5029
1m2f,5031
1m2e,5031
1i2u,5033
1hu7,5034
1hu6,5034
1i11,5036
1hu5,5037
1jas,5038
1i26,5039
1in1,5041
1imo,5041
1j9o,5042
1j8i,5042
1h9f,5043
1ie5,5044
1jbi,5047
1jbh,5048
1n6v,5049
1n6u,5049
1jc6,5050
1jcu,5051
1je9,5052
1ifw,5053
1jkn,5054
1imu,5055
1jxc,5056
2beg,5057
1kot,5058
1je3,5059
1jdq,5060
1kn5,5061
1kkx,5061
1qli,5065
1ibi,5065
1gjx,5067
1jh3,5070
1jc2,5071
1jbj,5072
1je4,5073
1jei,5074
1jfn,5075
1jjg,5077
1k8o,5078
1k8m,5078
1jlz,5082
1jh4,5084
1jgn,5084
1jex,5091
1jo6,5092
1kkg,5093
1k19,5094
1jn7,5096
1ijc,5097
1ju8,5098
1j2o,5100
1gjz,5101
1kkd,5102
1ozo,5103
1jrm,5104
1ryk,5105
1ryj,5106
1k48,5114
1jjz,5114
1kal,5114
1ji8,5115
1gk5,5120
1uc6,5126
1km7,5128
1klv,5128
1iqs,5129
1iqo,5129
1iy4,5130
1iy3,5130
1vj6,5131
1gm1,5131
1js7,5134
1js5,5134
1jrw,5135
1jrv,5135
1t4z,5141
1t4y,5141
1hof,5143
1hll,5143
1lg4,5145
1jjd,5147
1jq4,5148
1hod,5149
1ho9,5149
1fd6,5151
1fcl,5152
1oo9,5154
1jru,5155
1i42,5155
1j5b,5157
1xke,5159
1mp1,5162
1juu,5164
1jw3,5165
1jw2,5166
1jve,5167
1jnj,5169
1ju7,5170
1jwc,5170
1jv9,5171
1jv8,5171
1k37,5173
1k36,5173
1irz,5174
1k5o,5175
1ha9,5176
1tvj,5177
1k85,5178
1k1z,5179
1hbw,5180
1k45,5181
1k42,5181
1lgl,5184
1j5j,5184
1v4r,5187
1irr,5188
1nsh,5189
1k8v,5192
1jzc,5193
1k5w,5194
1y16,5197
1y15,5197
1xyx,5197
1ag2,5197
1kat,5198
1kg1,5199
1i6y,5201
1kbf,5203
1kbe,5203
1k9c,5204
1k91,5205
1kcy,5207
1k7b,5210
1ka7,5211
1k0v,5213
1kft,5217
1k0x,5220
1okd,5222
1h92,5223
1ivt,5224
1jnt,5225
1jns,5225
1s40,5232
1kxl,5232
1kn7,5236
2vgh,5238
1vgh,5238
1kmx,5238
1rqm,5241
1kn6,5242
1ir5,5243
1k3m,5246
1kkv,5252
1kkw,5253
1wkt,5255
1kka,5256
1hj0,5257
1ktu,5261
1j57,5261
1ks0,5262
1kj6,5264
1kv4,5265
1ktm,5266
1cix,5268
1mwb,5269
1kgm,5272
1kio,5273
1kj0,5274
1kri,5275
1kma,5276
1kmr,5277
1l3o,5279
1kwj,5279
1kr8,5282
1pqt,5282
1kzv,5283
1kzt,5283
1kzs,5283
3ifb,5284
1kzw,5284
1kzx,5285
1kz0,5289
1kz2,5290
1kz5,5291
1l2y,5292
1l5i,5297
1l2m,5297
1l1p,5298
1klq,5299
1kyj,5301
1kuw,5302
1krw,5303
1p4q,5306
1l3e,5306
1m7t,5308
1m3v,5309
1r5e,5311
1nee,5312
1r5s,5313
1l4s,5315
1l6n,5316
1iv6,5317
1ity,5317
1kgl,5319
1jjx,5320
1mr6,5322
1l1i,5323
1l6h,5325
1l6t,5326
1l8c,5327
1l7y,5329
1it1,5333
1lv3,5335
1l3y,5338
1k2k,5339
2bid,5340
1njq,5342
1j5h,5343
1l1m,5345
1l3x,5346
1iw4,5348
1lfu,5349
1nti,5351
1lkj,5353
1ll8,5354
1lq7,5356
1gxi,5360
1lo1,5363
1go5,5364
1kmd,5366
1liq,5369
1lc6,5371
1lc2,5372
1lc1,5372
1psy,5374
1ld6,5375
1lvz,5376
1h0l,5378
1ljv,5379
1ld5,5381
1lxf,5386
1h3h,5388
1n3g,5389
1lr1,5390
1l8z,5392
1l8y,5392
1lmv,5395
1lmz,5398
1sxe,5399
1aml,5400
1sxd,5401
1m25,5405
1iyr,5408
1mpz,5410
1lbj,5454
1r6h,5455
1lun,5461
1lum,5461
1luk,5461
1lui,5461
1lv4,5463
1m36,5464
1m12,5465
1ri9,5467
1iy5,5469
1iy6,5470
1y8b,5471
1m9w,5475
1sy9,5480
1m94,5481
1mjd,5482
1j3g,5483
1go1,5485
1go0,5485
1ma6,5486
1ma2,5486
1ma4,5486
1ma5,5486
1h2o,5490
1iyc,5491
1m02,5494
1lmm,5495
1mg8,5496
1k4u,5498
1m5z,5499
1iyf,5500
1m4f,5501
1m4e,5501
1m39,5503
2a4j,5503
1nwv,5506
1zry,5512
1mvg,5512
1rsf,5516
1m9o,5525
1mb6,5527
1m82,5528
1m9g,5529
1m4q,5532
1m4p,5532
1kpq,5532
1kpp,5532
1o8t,5534
1msz,5535
1uzc,5537
1h3z,5538
1pm6,5539
1omq,5542
1mwn,5544
1rmj,5545
1f8p,5550
1h0z,5551
1m3g,5552
1mfy,5553
1mke,5554
1mm2,5555
1mm3,5556
1mm5,5557
1mm4,5557
1h5p,5558
1rdu,5560
1o6x,5561
1n1k,5562
1p94,5563
1mzk,5564
1xhh,5565
1oy2,5566
1n3h,5566
1n3j,5567
1n6z,5568
1q27,5570
1eww,5572
1n4i,5573
1myu,5574
1mo8,5576
1mo7,5577
1mx8,5578
1mx7,5579
1l3h,5583
1jxf,5584
1jxd,5584
1j5d,5584
1j5c,5584
1nxi,5589
1pd6,5591
1n87,5594
1yh5,5596
1n91,5596
1n9c,5597
1k3h,5597
1k3g,5597
1ov2,5598
1op1,5598
1o8r,5603
1mwy,5604
1j7h,5606
1mot,5607
1n1u,5609
1mv4,5610
1n6t,5611
1n4n,5612
1n09,5613
1muv,5614
1p4w,5615
1o6w,5616
1mvz,5617
1ne3,5620
1nei,5621
1nho,5622
1pbu,5628
1te4,5629
1ni7,5630
1n7t,5631
1na2,5632
1j0t,5633
1n88,5650
1ne5,5652
1mpe,5654
1nc0,5655
1q2n,5656
1j2m,5662
1j2n,5663
1nq4,5664
1n0z,5667
1nku,5668
1nj3,5669
1q5w,5669
1nbl,5670
1naj,5671
1nau,5673
1niy,5674
1nix,5675
1n8m,5676
1qvx,5677
1pv3,5677
1s7e,5678
1n96,5681
1qxf,5682
1nwb,5683
1onv,5685
1nha,5685
1p68,5687
1n5p,5688
1n5h,5688
1two,5689
1qwv,5689
1nor,5690
1ny4,5691
1nyp,5692
1u5s,5692
1uao,5694
1nyn,5695
1rgw,5696
1nmr,5698
1r9k,5701
1r6e,5701
1pu1,5704
1ny9,5706
1h4b,5707
1o53,5708
1oqk,5710
1hjn,5713
1hjm,5713
1onm,5714
1k8j,5716
1s79,5719
1n8c,5730
1nmj,5735
1zyi,5736
1np9,5737
1npq,5738
1on4,5742
1hko,5745
1nvo,5747
1ryu,5748
1x22,5749
1osx,5750
1uap,5751
1ng7,5753
1t0v,5756
1ovq,5758
1ozi,5762
1rq8,5763
1no8,5764
1nzp,5766
1orl,5767
1oq3,5769
1opz,5769
1nwd,5770
1ckk,5770
1pe3,5771
1e9t,5771
1n8x,5773
1ntq,5775
1p6s,5778
1nnv,5779
1ucp,5780
1op4,5786
1osl,5791
1pa4,5796
1p9j,5801
1ueo,5806
1vd0,5807
1oh1,5810
1p6t,5813
1nh4,5815
1pb5,5817
1p9k,5818
1pjz,5820
1sv1,5824
1suy,5824
1q6b,5824
1q6a,5824
1r3b,5833
1pjy,5834
1poq,5836
1psb,5838
1q48,5842
1q53,5843
1pqx,5844
1r57,5845
1puz,5846
1pv0,5847
1ugl,5848
1ufm,5849
1p8a,5850
1p7a,5851
1ow9,5852
1pp5,5859
1pxq,5860
1rfl,5861
1p9f,5864
1uhf,5867
1pve,5868
1w2q,5871
1p6r,5873
1vaz,5874
1q10,5875
1v92,5876
1zn5,5877
1pjf,5877
1ssf,5878
1q5f,5879
1uhu,5880
1v06,5884
1xsx,5891
2a2y,5892
1xyd,5895
1q59,5897
1tr4,5898
1pux,5899
1ppq,5900
1gkg,5900
1gkn,5900
1pxe,5901
1ri0,5902
1sap,5905
1rw2,5907
1q2i,5911
1q2f,5911
1q2z,5912
1pe4,5913
1plx,5914
1q8k,5917
1mnx,5919
1umq,5920
1sbo,5921
1ujl,5922
1pqq,5927
1vdy,5928
1vee,5929
1q75,5932
1x9x,5933
1q7x,5937
1qxq,5938
1qx9,5938
1g89,5938
1xax,5942
1wvz,5943
1q69,5944
1q68,5944
1rxl,5947
1q7j,5948
1q7i,5949
1r8p,5952
1r05,5956
1v49,5958
1r21,5959
2hmx,5960
1r2p,5962
1unc,5964
1und,5966
1q9p,5967
1qzp,5968
1o5p,5969
1ovy,5970
1r48,5972
1r6r,5973
1r6p,5975
1r2u,5975
1wcj,5976
1uwd,5976
1r73,5977
1r7g,5978
1r7f,5978
1r7e,5978
1r7d,5978
1r7c,5978
1uta,5984
1ul2,5985
1v28,5986
1r8u,5987
1rgj,5988
1rl5,5989
1r36,5991
1r02,5994
1vyn,5999
1r4k,6000
1xwe,6001
1zwt,6003
1q8x,6004
1q8g,6004
1rgo,6005
1v46,6006
1rhx,6010
1rjj,6011
1rl1,6012
1wlx,6013
1v4z,6017
1y9x,6019
1q8l,6022
1rq6,6028
1u7q,6029
1svj,6029
2a29,6030
2a00,6030
1wm4,6032
1uw0,6035
1wt8,6037
1rji,6037
1rjt,6038
1rfr,6042
1s7a,6044
1s6n,6046
1s6l,6047
1rk9,6049
1rjv,6049
1sgo,6052
1rkl,6056
1rzw,6058
1rfh,6059
2fnf,6059
1s34,6062
1s2f,6062
1rim,6063
1rik,6064
1ryv,6066
1ryg,6067
1ruu,6068
1ru5,6068
1ry3,6069
1v6r,6070
1tmw,6071
1v66,6072
1u3n,6073
1z2e,6075
1z2d,6075
1r7w,6076
1r7z,6077
1ti3,6079
1s6d,6082
1s4t,6083
1sq8,6084
1s6w,6085
1rij,6088
1siy,6089
1poz,6093
2agh,6095
1sb0,6095
1rhw,6096
1rwu,6102
1s6j,6103
1s6i,6104
1s4j,6106
1s4h,6107
1rrz,6108
1uuc,6110
1z2f,6111
1y7n,6113
1oqa,6114
1sg7,6117
1t17,6120
1slj,6122
1ry4,6126
1se7,6127
1se9,6128
1s6u,6129
1s6o,6130
1sh4,6131
1sr2,6133
1sa8,6134
1rmk,6135
1sm7,6137
1t0g,6138
1ss3,6139
1soh,6143
1i5j,6143
1y6d,6147
1sj6,6152
1wnk,6154
1vd9,6154
1wnn,6155
1vda,6155
1vdb,6156
1vd7,6156
1wnm,6157
1vd8,6157
1sn6,6158
1yhp,6159
1ssu,6160
1ust,6161
1uss,6162
1ssl,6165
1ss2,6166
1srz,6166
1sb6,6172
1szl,6175
1t0y,6176
1sjr,6177
1sjq,6178
1uvg,6179
1uvf,6179
1szv,6181
1rzs,6185
1sy8,6186
1sf0,6187
1rws,6187
1st7,6188
1ss6,6189
1sp0,6190
1so9,6190
1sx1,6191
1t3k,6195
1t3v,6198
1sp7,6200
1sop,6200
1tte,6202
1tuz,6208
1tiz,6209
1tdp,6211
1vzs,6212
1srk,6216
1xsf,6221
1t1t,6222
1y5o,6225
1w1n,6228
1yx4,6233
1yx6,6233
1yx5,6233
1tkn,6236
1tot,6238
1tq1,6240
1yzb,6241
1tm9,6244
1t5q,6245
1th5,6247
1ttv,6248
1txe,6254
1wki,6255
1tvi,6256
1s62,6258
1wa7,6261
1w1f,6261
1tk7,6262
1spw,6263
1tv0,6264
1t1h,6265
1tl4,6266
1u3m,6269
1z9v,6272
1w4u,6277
1u5l,6282
1wnj,6283
1xc5,6286
1w6b,6288
1x9b,6291
1ukx,6297
1tey,6298
1u5m,6299
1u7m,6302
1u7j,6303
1u64,6307
2afj,6311
1u6f,6315
1xfl,6318
1xhp,6320
1x9a,6324
1wo7,6325
1wo6,6326
1wo5,6327
1wo4,6328
1wo3,6329
1xsb,6330
1xsa,6330
1wqu,6331
1xjh,6335
1xsc,6336
1xo3,6337
2evn,6338
1xo8,6339
1xoy,6341
1xpn,6343
1xpw,6344
1wpi,6345
1wpd,6347
1xrd,6349
1wrg,6350
1xsw,6351
1tqz,6354
1xs3,6358
1xs8,6359
2azh,6362
1xjs,6362
1xpv,6363
1xne,6364
1xn6,6365
1xn8,6366
1zts,6366
1xn7,6367
1xn9,6368
1xn5,6369
1wqk,6370
1xwh,6374
1xx3,6375
2bvb,6376
1xyj,6377
1xyk,6378
1xyq,6380
1xyu,6381
1xu0,6382
1xyw,6383
1xut,6384
1w4m,6385
1y1b,6386
1y1c,6387
1xv3,6388
1wt7,6389
1o7c,6392
1o7b,6392
1yr1,6395
1y4o,6396
1y9o,6398
1bax,6400
1y00,6402
1y2s,6403
1wuz,6405
2fk4,6407
1xu6,6419
1y04,6427
1y03,6427
1wvk,6432
1ydu,6443
1z3j,6444
1ycm,6444
1xhs,6448
1yhd,6453
1d3z,6457
1yiu,6459
1yel,6464
1wxn,6467
1wxl,6469
1k99,6473
2bgp,6475
2bgo,6475
1yqa,6476
1ysf,6478
1yfb,6478
1y6u,6479
1yjv,6480
1yju,6481
1yjt,6482
1yjr,6483
1ysm,6498
1xkm,6499
1yez,6505
2ca7,6506
1yxe,6510
1ywu,6514
1yyc,6515
1yww,6517
1yx3,6518
1yx8,6519
1yx7,6519
2bl5,6526
1z09,6527
1w9r,6528
1ymz,6530
1z1d,6535
1z2k,6538
1z00,6551
1yza,6553
1ywj,6558
1ywi,6558
1yyx,6560
1yyj,6560
1ytr,6561
2bo5,6564
1zzp,6570
2ae9,6571
1yvc,6574
1z3k,6575
1z9b,6577
1z9i,6579
1yzs,6590
1za8,6596
1x0o,6597
2b5y,6603
2b5x,6603
1ynx,6606
1ttn,6609
1z1m,6612
1x37,6615
1t0c,6623
1zu2,6626
1zdx,6629
1zdv,6629
1rw5,6643
1x60,6649
1zu1,6655
1zuv,6656
1zxh,6679
1zxg,6680
1zr9,6682
1ttx,6705
1zza,6715
1sr3,6723
2bw2,6731
1t8d,6732
1t8c,6732
2a4h,6738
2a2p,6739
2a05,6740
2aga,6742
2czy,6749
2afe,6751
2afd,6751
1z87,6752
2adz,6753
1z86,6754
1zsg,6777
2b3w,6782
2d1u,6803
2ahq,6816
2ak0,6817
2ajw,6818
2af2,6821
2a7o,6834
2aqc,6845
2aqa,6846
2b68,6849
2ett,6866
2ari,6867
2b38,6872
2fft,6926
2def,4089
1q80,4129
1bm6,4173
1bjd,4176
1pfd,4181
1eh2,4184
1bci,4188
1big,4190
2bmt,4191
1br0,4198
3nla,4199
1a3p,4201
1ba9,4202
2dvh,4208
1bfw,4213
1bku,4219
3grx,4225
1buq,4230
1bx5,4244
1xpa,4249
1byv,4260
1bzb,4261
1bzf,4262
2nmb,4263
1jfj,4271
2f65,4300
1jm4,4312
1kqq,4334
1qp6,4347
1b0s,4392
1qfb,4406
1qkg,4409
1cok,4413
1b3i,4414
1b4g,4476
1b4i,4477
1cfl,4488
3lri,4494
1daq,4524
1dc8,4528
1c2q,4547
1cqo,4550
1dgq,4553
1l6u,4566
1hyj,4579
1dlz,4601
1ee7,4604
1dxw,4617
1e4u,4621
1fuw,4633
1fyi,4646
1dcz,4666
1dey,4667
1fm1,4679
1eii,4682
1ily,4688
1el2,4692
1cf4,4700
1fa4,4738
1qxn,4776
1fi6,4778
2an7,4792
1e8e,4837
1fvn,4862
1fmh,4872
1gea,4916
1i17,4938
1hzl,4947
1qa5,4951
1fi3,4960
1n89,4977
1qwq,4980
1kos,4984
1ih9,4993
1ih0,4994
1tuj,5030
1idv,5046
1ji9,5066
1jjj,5083
1jaa,5108
1j9v,5109
1j8z,5110
1j8n,5111
1jlp,5112
1jlo,5113
1jdk,5136
1jd8,5137
1jcp,5138
1jc8,5139
1jar,5140
1k09,5183
1jzp,5196
1ka6,5212
1d0w,5214
1d1e,5215
1d1f,5216
1k1r,5245
1kmf,5246
1kpz,5278
1k8b,5294
1krx,5303
1kx7,5304
1l1w,5321
1l7b,5328
1jsa,5332
1lkn,5357
1lej,5370
1lv9,5383
1n2w,5385
1lpw,5394
1lm0,5407
1iym,5459
1lms,5466
1cff,5480
1lux,5530
1luu,5531
1mxq,5575
1mqz,5580
1mqx,5581
1mqy,5582
1mtq,5585
1mv2,5587
1nd9,5624
1nr3,5657
2in2,5659
2koc,5705
1oqp,5722
1kfz,5729
1n1n,5739
1xq8,5744
1egx,5754
1oq6,5768
1nts,5776
1ntt,5777
1oo7,5781
1z5f,5787
1ny8,5798
1pd7,5808
1pvz,5865
1ppx,5866
1pqr,5869
1ugt,5870
1q1o,5875
1q2j,5881
2oii,5882
1pzq,5885
2i83,5903
1plw,5915
1q7o,5934
2arw,5940
2fvn,5946
2bn8,5950
2h3q,5960
2apn,5963
1r2l,5979
2f1e,5998
1rg6,6002
1rde,6009
2ddy,6014
2avg,6015
1v50,6018
1rkk,6020
1r9i,6027
1r9v,6039
1rg3,6040
1qvl,6041
1s04,6045
2jnf,6081
2gt3,6090
1s1o,6101
1s4a,6105
1s8k,6109
2dhs,6121
1hev,6123
2poa,6150
1smz,6151
2b1o,6159
1snl,6167
1skl,6168
1skk,6169
1ski,6170
2btt,6197
1t6w,6201
1t1q,6205
1t55,6217
1t54,6218
1t52,6219
1t51,6220
2gs0,6225
1t5m,6246
1tvm,6259
1u0i,6260
1u2n,6268
2haj,6284
1u89,6285
1tm6,6289
1tvc,6295
1u3o,6300
1u2u,6301
1w7d,6312
1xfn,6321
1xfq,6322
1xox,6342
2ktx,6351
1xhj,6355
2agm,6390
2f76,6400
2f77,6401
1z7r,6410
1xt7,6420
1xxz,6421
1xy4,6422
1xy5,6423
1xy6,6424
1xy8,6425
1xy9,6426
1z1z,6434
2gmd,6437
2j48,6438
1y4e,6446
1y7x,6447
2avx,6454
1y5c,6462
1y58,6463
1ymo,6477
2cxj,6484
1wu0,6489
2a3j,6493
1wum,6507
1wug,6508
1yg3,6509
1yt6,6511
2bic,6520
1yuu,6531
1yus,6532
2gtj,6536
2gto,6539
2axl,6540
1z2j,6543
2qmv,6549
1yzc,6552
1z0q,6554
1yws,6555
1yyb,6556
1wz4,6557
1z30,6562
1yxr,6573
2bbu,6580
1x32,6589
1z2q,6594
1z65,6598
1z6h,6599
1z7t,6600
1z8r,6613
2gov,6620
2bye,6624
2ai6,6625
1znu,6627
1zkh,6631
1zc5,6633
2byf,6635
1x5v,6636
2ith,6645
2adt,6652
1zjq,6654
1znt,6656
2bn5,6690
2bun,6692
2bug,6696
2a1c,6714
1z8s,6716
1zg2,6717
1zv6,6718
1zlc,6720
1zr7,6721
1zxf,6726
2aje,6727
2a9h,6728
2e2f,6729
2aav,6730
2a2b,6737
2adn,6743
2akk,6746
2aff,6748
2aby,6755
2ajj,6757
2h3k,6759
2npu,6760
2al3,6761
1z4h,6762
2hst,6763
2akl,6766
2amw,6769
2a63,6771
2ap7,6774
2ap8,6775
2bzt,6776
2out,6780
2aqf,6781
2iem,6786
2fvf,6790
2c34,6794
2pxg,6797
2gg1,6800
2awt,6801
2b88,6804
2b89,6805
2b87,6806
2fin,6809
2ayx,6810
2aj0,6811
2fqh,6812
2au4,6814
2atg,6815
2ami,6820
2asw,6822
2czn,6829
2amn,6835
2b1u,6841
2b1w,6843
2aym,6844
2b7e,6850
2gw6,6860
2bai,6863
2bbx,6865
2asy,6868
2aya,6869
2c52,6874
2fo8,6876
2ers,6882
2fhm,6884
2ckn,6885
2g0l,6888
2ew4,6891
2esy,6892
2baf,6893
2b3a,6894
2err,6895
2bc8,6896
2bc7,6897
2bbp,6898
2f3v,6907
2f3w,6908
2fe0,6910
2i9h,6912
2arf,6914
2ewl,6916
2ch0,6919
2ffw,6920
2i96,6921
2fe9,6922
2axk,6924
2c06,6925
2g5m,6927
2fgx,6929
2flj,6931
2fn5,6933
2fek,6934
2v1n,6938
2jnt,6943
2fs1,6945
2fqc,6951
2fqa,6952
2fj3,6953
2dci,6954
2f09,6955
2b6g,6956
2fi2,6957
2d82,6960
2fve,6962
2ddj,6963
2fvt,6964
2fwl,6965
2fxp,6969
2djk,6971
2djj,6972
2f8u,6975
2fj6,6976
2dd3,6979
2g2b,6980
2g0u,6981
2g1e,6982
2gjy,6986
2den,6988
2g1d,6989
2ceh,6991
2cef,6993
2cez,6996
2g46,6997
2a7y,7000
2g57,7001
2g3q,7002
2df0,7005
2dez,7006
2g0q,7007
2fwu,7008
2fws,7009
2flg,7010
2fxz,7011
2fxy,7012
2gdt,7014
2gri,7019
2ghf,7034
2frw,7035
2fry,7036
2dj9,7050
2djc,7051
2v31,7053
2gm2,7054
2gmo,7056
2dk9,7058
2g35,7061
2g7j,7063
2gj0,7064
2g9l,7065
2g31,7067
2ga7,7068
2g9o,7069
2go9,7070
2gmg,7074
2gpf,7075
2aih,7078
2gqb,7079
2g9j,7080
2djm,7083
2grg,7085
2h0p,7087
2poj,7089
2gl1,7092
2gtv,7093
2gow,7095
2glo,7097
2gm0,7098
2gji,7099
2gjh,7101
2gjf,7102
2hji,7103
2gzy,7108
2gzz,7109
2hwt,7112
2h25,7114
2glw,7116
2h1z,7117
2i3b,7119
2gyt,7120
2do8,7121
2g7h,7122
2dq5,7124
2h35,7125
2h45,7127
2ha1,7128
2ggr,7129
2h7t,7137
2h7b,7147
2h7e,7150
2h80,7151
2gqe,7158
2h9x,7166
2i3e,7167
2hc5,7170
2h8s,7177
2gzp,7178
2gzo,7180
2h3j,7181
2h7a,7182
2gvs,7184
2gut,7185
2gx1,7186
2gi4,7189
2hgh,7194
2hjq,7201
2ivw,7209
2i85,7220
2hj8,7223
2hg7,7224
2hep,7225
2hga,7226
2hfi,7227
2hi6,7228
2hdl,7229
2h49,7230
2h3t,7232
2h3s,7233
2hug,7241
2iz4,7243
2j0z,7251
2j11,7252
2hfd,7256
2hvz,7257
2hn8,7258
2htf,7259
2hgc,7260
2hjj,7261
2jm2,7262
2i1p,7263
2hfq,7266
2v37,7268
2jnk,7269
2o4e,7270
2nnz,7271
2i59,7272
2i1t,7273
2hh8,7274
2jmh,7276
2i9m,7282
2i9n,7283
2i9o,7284
2j4n,7285
2i7k,7287
2j5d,7288
2npl,7291
2i94,7293
2i8f,7296
2ida,7297
2i50,7298
2j5h,7299
2o3d,7301
2i4k,7302
2jm8,7305
2jm9,7306
2iue,7313
2e34,7314
2e36,7315
2nrg,7320
2nln,7322
2npb,7324
2nsv,7326
2nsw,7327
2e0h,7330
2j15,7341
2c0s,7349
2bzb,7350
2bze,7351
2bl6,7352
2bjc,7354
2ijy,7360
2it8,7361
2nwt,7362
2e5e,7364
2e45,7365
2noc,7366
2ns4,7367
2oa4,7371
2osr,7382
2osq,7383
2ec7,7384
2p81,7386
2p5j,7388
2p5h,7389
2z2g,7392
2pp4,7396
2yyf,7397
2pjg,7399
2pji,7400
2p6j,7401
2pco,7402
2qh2,7403
2qh3,7404
2qh4,7405
2v6z,7419
2jgw,7420
2jgx,7421
1vdj,9500
2czp,10001
1vex,10002
1wfu,10006
1wft,10008
1wfw,10009
2com,10011
1vdi,10012
1wil,10013
2f87,10014
2fdt,10018
2e8d,10022
2dw3,10024
1ul7,10025
1v5s,10026
2e0g,10027
2dwv,10028
1wfv,10029
1wjo,10030
1wjr,10031
1wjs,10032
1wjz,10033
1wk0,10034
1wk1,10035
1wlm,10036
1wjq,10037
1wjp,10038
1wgq,10039
1wgr,10040
1wgs,10041
1wgv,10042
1wgw,10043
1wh5,10044
1wh7,10045
1wi0,10046
1wji,10048
1wjt,10049
1wju,10050
1wfq,10054
1wfs,10055
1wfy,10056
1wfz,10057
1wik,10058
1win,10059
1wjk,10060
1wjl,10061
1ue9,10063
1uew,10064
1ufn,10065
1ufx,10066
1uht,10067
1ujo,10068
1ujs,10069
1wez,10070
1wf1,10071
1wf2,10072
1wfj,10073
1wfm,10074
1wfn,10075
1wfo,10076
1wi8,10077
1v9v,10079
1v9w,10080
1vae,10081
1wey,10082
1wfg,10083
1wfi,10084
1wg5,10085
1wgy,10086
1wh3,10087
1wha,10088
1wj1,10089
1wjj,10090
1wjn,10091
1wh4,10092
1wh6,10093
1wh8,10094
1wh9,10095
1j0f,10097
1r79,10098
1uem,10099
1uep,10100
1ug7,10101
1ujt,10102
1uju,10103
1ujx,10104
1v31,10105
1v32,10106
1v5k,10107
1v5n,10108
1v5q,10109
1v5r,10110
1v63,10111
1v86,10112
1v5m,10113
1v5u,10114
1v88,10115
2exd,10118
1iur,10119
1ufg,10120
1j26,10121
1j3t,10122
1n27,10123
1ujv,10124
1whn,10125
1whr,10126
1whu,10127
1va9,10128
1wf5,10129
1wf9,10130
1v5p,10131
1uff,10136
2e4j,10137
2dog,10138
2e9g,10141
2e9i,10142
2e9j,10143
2ee4,10144
2ee5,10145
2ee6,10146
2ee7,10147
2ee8,10148
2e9k,10149
2elk,10150
2en6,10151
2en7,10152
2eov,10153
2eoy,10154
2ep2,10155
2yts,10156
2eos,10157
2eou,10158
2ee9,10159
2eea,10160
2eeb,10161
2eec,10162
2eed,10163
2eee,10164
2eef,10165
2em1,10166
2em2,10167
2em3,10168
2en8,10169
2en9,10170
2ena,10171
2enc,10172
2ene,10173
2enf,10174
2enh,10175
2ytm,10176
2ytp,10177
2ytt,10178
2em4,10179
2em7,10180
2em9,10181
2eme,10182
2emf,10183
2emg,10184
2ytf,10185
2ytg,10186
2yth,10187
2yti,10188
2eom,10189
2eop,10191
2eoq,10192
2yum,10193
2yuo,10194
2yup,10195
2em5,10196
2em6,10197
2em8,10198
2ema,10199
2emb,10200
2emc,10201
2emh,10202
2emi,10203
2emj,10204
2emk,10205
2eoh,10206
2eow,10207
2eox,10208
2eoz,10209
2ep0,10210
2yuq,10211
2cud,10212
2e29,10213
2yse,10214
2zaj,10215
2eof,10216
2eog,10217
2eoj,10218
2eok,10219
2eon,10220
2eor,10221
2ytq,10222
2ytr,10223
2emv,10224
2emw,10225
2emx,10226
2emy,10227
2emz,10228
2en0,10229
2en1,10230
2en2,10231
2en3,10232
2en4,10233
2yu8,10234
1wgu,10235
2roz,10236
2ysz,10237
2yt0,10238
2yt1,10239
1x69,10240
1x6b,10241
1x6d,10242
1x6e,10243
1x6f,10244
1x6g,10245
1x6h,10246
2co8,10247
1wz6,10248
1x05,10249
1x1f,10250
1x1g,10251
2co9,10252
2coa,10253
2coc,10254
2cod,10255
2cof,10256
2djr,10257
2djs,10258
2djt,10259
2dju,10260
2djv,10261
2dkm,10262
2dn7,10263
1x5b,10264
2edx,10265
2edy,10266
2edz,10267
2ee0,10268
2ee1,10269
2ee2,10270
2ee3,10271
2ekh,10272
2eki,10273
2ekj,10274
2yu0,10275
2d9t,10276
2d9u,10277
2d9v,10278
2d9w,10279
2d9x,10280
2cue,10281
2cuf,10282
2da1,10283
2da2,10284
2da3,10285
2da4,10286
2da5,10287
2da6,10288
2da7,10289
2djn,10290
2dmn,10291
2dmp,10292
2dmq,10293
2dms,10294
2dmt,10295
2dmu,10296
2e19,10297
2ys9,10298
2db8,10299
2dbj,10300
2dbk,10301
2dbm,10302
2eml,10303
2emm,10304
2emp,10305
2yrm,10306
2ytd,10307
2yte,10308
2ytj,10309
2ytk,10310
2d9y,10311
2d9z,10312
2da0,10313
2dhi,10314
2dhj,10315
2dhk,10316
2dkp,10317
2dkq,10318
2dn6,10319
2di9,10320
2dib,10321
2dic,10322
2dj4,10323
2dlg,10324
2dmb,10325
2dmc,10326
2ds4,10327
2d7m,10328
2d7n,10329
2d7o,10330
2d7p,10331
2d7q,10332
2di7,10333
2di8,10334
2dia,10335
2rlg,11002
2rlh,11003
2rlj,11004
2rly,11007
2rm0,11008
2rm4,11009
2rmk,11010
2rml,11011
2rn1,11014
2rn5,11016
2rn7,11017
2rn8,11018
2rn9,11019
2rnb,11020
2rng,11022
2rnj,11024
2rmo,11026
2rnn,11029
2rno,11030
2ro0,11032
2rnz,11033
2ro5,11034
2roh,11038
2rol,11040
2rop,11041
2khe,11042
2rot,11043
2roo,11044
2rpd,11045
2rpe,11046
2rph,11048
2rnd,11049
2rmy,11050
2rps,11054
2rpb,11060
2rpz,11061
2rq0,11062
2rq1,11065
2rq2,11072
2rqf,11073
2rql,11077
2z5v,11078
2ell,11083
2dag,11173
2jm0,15000
2jm1,15001
2npr,15007
2jmc,15013
2jmf,15016
2ifs,15020
2i7u,15021
2jml,15023
2nvj,15025
2ipa,15028
2jmr,15032
2iz3,15037
2ofn,15038
2jmk,15039
2i1e,15040
2i1f,15041
2i1g,15042
2i1h,15043
2i1i,15044
2jmm,15045
2ov6,15046
2i1d,15051
2jmp,15055
2jms,15058
2o10,15059
2jmu,15063
2i2j,15068
2i2h,15069
2jmx,15072
2jmo,15074
2jn0,15079
2o8k,15083
2jn3,15084
2jn4,15085
2jn6,15086
2jn7,15088
2jn8,15089
2jna,15090
2jn5,15095
2jmy,15099
2nx6,15103
2nx7,15104
2ikd,15105
2ike,15106
2e4e,15107
2imu,15108
2jng,15109
2hdm,15110
2jnh,15111
2k4w,15112
2ihx,15113
2jni,15115
2jnp,15120
2jnr,15124
2jns,15125
2oq3,15126
2jnu,15128
2jny,15133
2jnz,15134
2jo0,15137
2jo6,15139
2eem,15140
2e8j,15142
2oyw,15145
2ot2,15152
2jo9,15153
2joa,15154
2oj7,15157
2jo7,15158
2joc,15159
2i5o,15160
2jod,15166
2joe,15167
2jof,15169
2p4l,15174
2jop,15189
2joq,15190
2jor,15192
2efz,15195
2k7b,15197
2jov,15203
2jow,15206
2jox,15208
2joy,15210
2joz,15211
2jp1,15215
2nxu,15229
2pqe,15232
2jpd,15240
2jpe,15242
2ppz,15245
2jpi,15246
2v9h,15247
2jpn,15252
2jpp,15257
2jpq,15258
2jpj,15259
2jpk,15261
2jpu,15265
2jq2,15267
2jq3,15268
2jq4,15269
2jq5,15270
2jq8,15271
2jqb,15272
2jqc,15273
2jqe,15275
2jqf,15277
2jqg,15278
2jq6,15279
2jqn,15281
2jqo,15288
2jqq,15290
2jqv,15295
2z3s,15299
2jqw,15302
2jqz,15306
2jr0,15312
2kn6,15313
2jr1,15314
2z4f,15315
2jr2,15317
2jr3,15318
2jr4,15319
2jr5,15320
2jr8,15323
2jra,15324
2jrb,15325
2hgk,15327
2jrf,15329
2jrg,15331
2jrh,15332
2jrp,15338
2jrm,15339
2jrr,15341
2jrq,15342
2jrs,15343
2jrt,15344
2jrk,15345
2k8s,15347
2jrz,15348
2js0,15349
2js1,15350
2js2,15351
2js3,15352
2js4,15353
2js5,15354
2js7,15356
2jsa,15358
2jsb,15359
2jsd,15361
2jsg,15362
2jsn,15370
2jso,15371
2jsp,15373
2ql0,15374
2jr7,15377
2jsx,15381
2jot,15382
2jst,15384
2jt0,15385
2jt1,15386
2jt3,15388
2jrd,15390
2jo5,15392
2jss,15393
2jt5,15395
2jt6,15396
2jt8,15400
2joo,15405
2jte,15407
2jsw,15411
2jtm,15415
2jtp,15417
2jtt,15418
2jtv,15419
2jty,15423
2jtz,15427
2ju3,15429
2ju4,15430
2ju5,15431
2ju7,15433
2ju8,15434
2jua,15437
2jub,15438
2juc,15439
2jug,15442
2juh,15444
2png,15449
2jum,15450
2juo,15451
2jup,15453
2juu,15454
2juv,15455
2juw,15456
2juz,15462
2jv1,15464
2jv2,15465
2jv4,15466
2jva,15471
2jvd,15476
2jve,15477
2jvf,15478
2vb5,15480
2jvo,15485
2jvr,15487
2jvv,15490
2jvw,15491
2jvx,15499
2jvy,15500
2jw1,15504
2vcd,15507
2juf,15509
2jw8,15511
2jwn,15528
2jp9,15532
2jpa,15533
2jws,15535
2jwt,15536
2jwu,15537
2jwv,15538
2jwy,15542
2jx2,15543
2jx5,15547
2jx8,15550
2jx9,15553
2jxc,15554
2jxd,15555
2jxf,15559
2jxn,15562
2jxo,15567
2jxp,15568
2jxq,15571
2jxs,15572
2jxt,15573
2jxu,15574
2jxw,15575
2jxx,15576
2jy0,15579
2jy9,15584
2jya,15585
2jy7,15591
2jy8,15592
2jyc,15593
2jyo,15596
2kph,15601
2k1g,15603
2jz2,15604
2jz4,15607
2jz5,15608
2jz6,15609
2jz8,15610
2jza,15611
2k4l,15613
2jzb,15614
2kma,15615
2jzc,15617
2jzd,15618
2job,15622
2k7d,15623
2jzi,15624
2k01,15633
2k03,15635
2k04,15636
2k06,15642
2k0a,15644
2k0d,15645
2k0l,15651
2k0m,15652
2k0q,15655
2k0x,15658
2k0y,15659
2k0z,15661
2k10,15665
2k16,15670
2k17,15671
2k19,15673
2k1b,15674
2k1d,15676
2k1e,15677
2k1h,15678
2k1m,15679
2k1s,15683
2k25,15689
2k29,15691
2k27,15693
2k28,15695
2k2a,15698
2k2c,15700
2k2d,15701
2k2e,15702
2k2f,15704
2k2j,15707
2k2m,15710
2k2n,15717
2k2o,15718
2k2p,15721
2k87,15723
2k1k,15728
2k2x,15729
2k2y,15730
2k2z,15731
2k31,15734
2k32,15735
2k33,15737
2k36,15740
2k37,15742
2kp5,15743
2jym,15745
2jpf,15746
2k3c,15747
2k3d,15750
2jwh,15752
2jwg,15753
2k3i,15762
2k3j,15763
2k3v,15765
2k3m,15774
2k3r,15776
2k3t,15777
2k3u,15778
2k3z,15780
2k41,15781
2k43,15783
2k45,15785
2k48,15790
2k49,15791
2k4b,15793
2k4d,15796
2jsz,15797
2jsy,15798
2k4j,15801
2k4m,15804
2k4n,15805
2k4q,15807
2k4v,15810
2k4x,15811
2k4y,15812
2k4z,15816
2k50,15819
2k52,15821
2k54,15823
2k57,15825
2k5c,15828
2k5d,15829
2k5e,15833
2k5f,15834
2k5g,15835
2k5h,15836
2k5i,15837
2k5j,15839
2k5l,15841
2k5n,15843
2k5p,15844
2k5o,15845
2k5r,15847
2k5v,15849
2k5w,15850
2k60,15851
2k62,15854
2kg4,15855
2k63,15856
2k64,15857
2k65,15858
2k66,15859
2k67,15860
2k6a,15863
2k6b,15864
2k6d,15866
2k6i,15870
2k6m,15873
2k6n,15874
2k6o,15876
2k6q,15877
2k6r,15879
2k6s,15880
2k6v,15893
2k6w,15894
2k6z,15896
2k70,15897
2k72,15900
2k75,15902
2k77,15910
2k79,15912
2k78,15913
2k7e,15915
2k7n,15922
2k7o,15923
2k7p,15924
2k7q,15925
2k7r,15926
2k7s,15928
2k7v,15931
2k7z,15932
2k85,15938
2k86,15939
2k8d,15941
2k8e,15943
2k8f,15944
2k76,15946
2kiz,15948
2k8i,15950
2k8j,15951
2k3g,15956
2k8q,15958
2k8x,15965
2k73,15966
2k8y,15981
2k9e,15983
2k9i,15987
2k9k,15988
2k9n,15989
2k9p,15995
2wcy,15996
2k9q,15999
2k9s,16001
2k9u,16002
2k9y,16005
2k9z,16006
2ka0,16007
2ka1,16012
2ka4,16014
2ka6,16015
2kad,16020
2kak,16025
2k91,16027
2kan,16029
2kat,16030
2kav,16032
2kax,16033
2kay,16034
2kb2,16037
2kb3,16038
2kb4,16039
2kb6,16040
2kbi,16045
2kbm,16050
2kbt,16053
2k90,16054
2k97,16055
2kbv,16056
2kbz,16057
2kc0,16058
2kc5,16061
2kc6,16062
2kbx,16063
2kc7,16064
2kc8,16065
2kc9,16066
2kca,16068
2kcd,16072
2kcg,16073
2kch,16074
2kcj,16082
2kck,16083
2kcl,16084
2kcn,16087
2kbl,16090
2kcp,16091
2kcq,16093
2kcr,16094
2kct,16096
2kcu,16097
2kcw,16098
2kcz,16100
2kd0,16101
2kd1,16102
2kd2,16103
2kd7,16107
2kdb,16109
2kdd,16110
2kpy,16111
2kdi,16114
2kdl,16116
2kdm,16117
2kdn,16118
2kdo,16119
2kdr,16122
2kdx,16126
2kdp,16127
2ke4,16129
2kmt,16135
2ke7,16137
2kec,16142
2ked,16143
2kee,16145
2keg,16148
2keh,16149
2kel,16153
2ken,16154
2keo,16155
2kes,16156
2ker,16157
2key,16161
2kep,16164
2kf4,16170
2kf5,16171
2kf6,16172
2kfb,16173
2kfd,16176
2kff,16179
2kfg,16180
2kfh,16181
2kfl,16183
2kfm,16184
2kfo,16185
2kfp,16186
2kfq,16187
2kfs,16188
2kfx,16190
2kle,16191
2kfy,16192
2kg0,16193
2kg1,16194
2kg6,16196
2kg8,16197
2kg9,16199
2kga,16200
2kgc,16201
2kgd,16202
2kge,16203
2kgg,16209
2kgi,16210
2kgj,16211
2k8z,16212
2kgo,16214
2kgt,16219
2kh3,16222
2kh4,16223
2kh6,16225
2kh7,16226
2khb,16235
2khc,16236
2khd,16238
2khf,16239
2kfw,16240
2khg,16241
2khk,16247
2kfu,16248
2khm,16249
2khn,16250
2khq,16251
2khr,16253
2kht,16254
2khv,16255
2khx,16256
2khz,16258
2km6,16263
2khp,16264
2ki9,16268
2kid,16270
2kie,16271
2kif,16272
2kig,16273
2kii,16276
2kij,16277
2kil,16278
2kis,16293
2kiv,16297
2kkw,16302
2ksc,16306
2kj4,16311
2kll,16317
2kje,16318
2kjf,16319
2kjg,16320
2kjh,16321
2kjk,16325
2kjn,16332
2kjo,16333
2kjl,16339
2kjv,16344
2kjw,16345
2kk0,16348
2kk1,16349
2kka,16356
2kke,16357
2kkc,16361
2kko,16368
2kks,16371
2kkx,16374
2kky,16375
2kkz,16376
2kl0,16377
2kl1,16378
2kl2,16380
2k4t,16381
2kl3,16382
2kl5,16384
2kl7,16386
2kl8,16387
2klb,16388
2klc,16390
2klq,16396
2klw,16400
2klx,16403
2kly,16404
2km0,16408
2kmd,16426
2kmg,16428
2kmj,16431
2kmo,16436
2kms,16439
2kmv,16440
2kmx,16441
2kne,16465
2knf,16466
2knh,16467
2knr,16476
2knu,16477
2kna,16478
2knx,16482
2kny,16483
2knz,16484
2ko0,16485
2ko1,16486
2ko6,16490
2ko7,16491
2knc,16496
2k9j,16497
2kob,16498
2koe,16504
2kkg,16505
2koh,16507
2ke1,16510
2koj,16515
2kok,16517
2kom,16520
2koo,16524
2kou,16534
2kp7,16549
2kpa,16550
2kpb,16551
2kpi,16556
2kpj,16557
2kpm,16560
2kpo,16562
2kpp,16563
2kpw,16572
2kq1,16576
2kq3,16585
2kq6,16590
2kq8,16592
2kq9,16594
2kqb,16596
2kql,16605
2kqm,16606
2kqn,16607
2kqp,16608
2kqt,16612
2kqy,16617
2kr1,16620
2kr5,16624
2krf,16636
2kjd,16637
2krg,16638
2kri,16639
2krr,16646
2krs,16647
2kru,16649
2ks0,16656
2ksh,16662
2ksi,16665
2ksp,16671
2ksr,16672
2ksv,16675
2ksy,16678
2kt1,16681
2kt6,16684
2kt7,16686
2kt8,16688
2kt9,16691
2kta,16692
2ktb,16694
2ku4,16720
2ku5,16722
2ku6,16723
2kuc,16731
2kud,16732
2kue,16733
2kuf,16734
2kuo,16744
2kut,16746
2kvc,16774
2kvo,16782
2x8n,16790
2kvt,16791
2kvu,16792
2kvv,16795
2kw2,16805
2kw5,16806
2kw4,16807
2kw6,16808
2kw7,16810
2kw8,16811
2kae,16812
2knb,16813
2ksg,16817
2k8a,16818
2kgk,16822
2k42,16824
2kng,16831
2kwb,16833
2kwc,16835
2kum,16839
2ksm,16846
2kkd,16849
2kwl,16856
2kb9,16857
2kwm,16860
2kwa,16863
2kwq,16872
2khu,16882
2k6t,16901
2ksf,16922
2kyb,16944
2ksd,16947
2kxz,16950
2ky0,16951
2ky2,16953
2k6u,16968
2kym,16970
2kyr,16979
2kz0,16995
2kib,20074
2l2s,17151
2kno,16472
2l2q,17150
2kbb,15457
2kop,16525
2kv7,16770
2kor,16527
2k61,15852
2l05,17030
2l06,17031
2l2d,17132
2kw9,16816
2kzn,17008
2kun,16743
2l0i,17044
2km8,16425
2kxv,16929
2l0s,17062
2kyh,16957
2k7i,15916
2kz6,16999
2kkj,16363
2kmw,16442
2kmy,16443
2l50,17261
2k8v,15964
2kyw,16988
2kb1,15677
2krt,16648
2jqr,15301
2kza,17001
2kzc,17002
2kzk,17007
2kos,16528
2k4e,16887
2l1r,17103
2l1t,17105
2l4b,17235
2kkr,16397
2ko8,16492
2jpl,15259
2jpo,15256
2kvr,16789
2l51,17262
2kaj,16024
2kqe,16596
2kxg,16913
2kra,16633
2l5o,17277
2l5l,17275
2ky4,16934
2kzr,17017
2kft,16878
2l1c,17080
2ksu,16674
2l08,17033
2l3a,17175
2kzb,17006
2kpn,16561
2kco,16089
2k05,15637
2kyg,16954
2kwv,16885
2l3v,17203
2kjs,16081
2kvh,16797
2kyu,16983
2l0y,17067
2jpm,15261
2kys,16981
2kxa,16907
2kxe,16986
2kyy,16991
2kwu,16880
2kpt,16569
2kz5,16998
2l33,17169
2kim,16283
2kio,16284
2ki3,16260
2k0b,15591
2l01,17025
2kzx,17022
2kzw,17021
2l04,17028
2kya,16943
2kz4,16997
2kwn,16861
2l1n,17090
2l02,17026
2l57,17267
2kxq,16923
2l3b,17176
2l4g,17240
2l1b,17079
2kyx,16989
2koq,16526
2l1s,17104
2kx5,16941
2l2n,17143
2l3h,17193
2km4,16411
2l11,17071
2l12,17072
2l14,17073
2kwo,16865
1hkt,4046