bmrb_id,pdb_id
3322,1e8p
4023,1spz
4052,1joo
4053,1joo
4088,1alp
4089,2def
4090,2ezh
4114,1a5j
4120,1a60
4129,1q80
4141,1nk2
4147,1h95
4153,1rxr
4155,1eot
4156,1bjx
4157,1lfc
4172,1bn9
4173,1bm6
4175,1bn0
4176,1bjd
4177,1bo0
4181,1pfd
4182,1bfy
4184,1eh2
4186,1blr
4187,1skp
4188,1bci
4189,1giw
4190,1big
4191,2bmt
4192,1bde
4194,1bh1
4195,2btx
4197,2cps
4198,1br0
4199,3nla
4200,1a93
4201,1a3p
4202,1ba9
4204,1bqt
4205,1bqv
4206,1mfn
4207,2orc
4208,2dvh
4209,2cpb
4210,1ba5
4211,1bbg
4212,1bcv
4213,1bfw
4214,2tmp
4215,1ssn
4216,1bhi
4217,1bhu
4218,1cn2
4219,1bku
4220,1bmx
4221,1bm4
4222,1mnl
4223,1tba
4224,1myo
4225,3grx
4226,1ldz
4227,1bqz
4228,1bq0
4229,1bqx
4230,1buq
4231,1bwe
4232,1zac
4235,1bwt
4241,2xbd
4242,3msp
4243,1c11
4244,1bx5
4246,1bxj
4248,2lef
4249,1xpa
4250,3php
4254,1l3g
4255,2if1
4257,1vpc
4260,1byv
4261,1bzb
4262,1bzf
4263,2nmb
4264,3eza
4265,1ds9
4268,1bd6
4269,1ght
4271,1jfj
4276,1b2i
4281,1z0r
4285,1k2h
4292,1b1v
4299,2f63
4300,2f65
4310,1l2v
4312,1jm4
4313,1m4o
4334,1kqq
4342,1ly7
4347,1qp6
4351,1qgm
4361,1cqb
4362,1cqb
4372,1c32
4373,1fho
4385,1d5k
4386,1ezy
4387,8tfv
4391,1jgk
4392,1b0s
4394,2ife
4395,1b75
4396,1cou
4397,1b2t
4398,1qfa
4399,1cnl
4400,1b4y
4401,1blq
4405,1khm
4406,1qfb
4407,1cmz
4409,1qkg
4412,1ql5
4413,1cok
4414,1b3i
4415,1ttd
4416,1coc
4417,1b6f
4418,1ccq
4419,1cb9
4420,1im1
4422,1ccv
4424,1qhk
4425,3bdo
4426,2bdo
4427,1qky
4428,1qqv
4429,1rqu
4430,2cnp
4431,1ckv
4437,1cej
4445,1d8b
4447,1h7y
4448,1f3y
4452,2afp
4455,1ci5
4461,1df6
4467,1ub1
4473,1r2a
4475,1cr8
4476,1b4g
4477,1b4i
4478,1b4r
4481,1b9p
4483,1cb3
4486,2mob
4487,1ce3
4488,1cfl
4490,1qfd
4491,1qjt
4492,1jba
4493,1ud7
4494,3lri
4496,1om2
4497,7hsc
4498,1cl4
4500,1cnn
4503,1qmw
4506,1cw5
4507,1cw6
4509,1cxr
4510,1cxw
4514,1d2l
4516,1d5g
4519,1d7q
4522,1d8v
4524,1daq
4526,1dc2
4527,1dc7
4528,1dc8
4536,1dgo
4540,1qtg
4541,1quz
4542,1qe7
4547,1c2q
4550,1cqo
4551,1cqu
4552,1g8c
4553,1dgq
4557,1qlo
4566,1l6u
4570,1b4o
4574,1d4b
4577,1c05
4579,1hyj
4581,1d1o
4583,1doq
4584,1dp3
4585,1du9
4587,1ed0
4588,1ed7
4589,1ehx
4590,1eig
4591,1ejp
4592,1ejq
4593,1eoq
4595,1ckw
4596,1ckx
4597,1cky
4598,1ckz
4599,7hsc
4600,1cl4
4601,1dlz
4602,1do9
4603,1dv5
4604,1ee7
4607,1eqx
4609,1emq
4610,1evm
4612,1evo
4614,1f5g
4615,1dkc
4616,1dx7
4617,1dxw
4618,1dxn
4619,1e0e
4620,1e1u
4621,1e4u
4622,1e52
4623,1e5c
4628,1g9e
4630,1dqb
4631,1du1
4632,1f16
4633,1fuw
4634,1fyj
4635,1g1e
4636,1f2h
4637,1f43
4638,1fa3
4639,1fex
4640,1fjn
4641,1fo7
4642,1fqq
4643,1fry
4644,1fv5
4645,1fwo
4646,1fyi
4647,1fyy
4648,1fzt
4649,1g03
4650,1g04
4651,1fdf
4652,1edx
4653,1edw
4654,1edv
4655,1eds
4656,1g26
4661,1c15
4663,1c3t
4664,1jzu
4666,1dcz
4667,1dey
4668,1ix5
4669,1cwx
4677,1exk
4679,1fm1
4682,1eii
4688,1ily
4692,1el2
4697,1d1n
4700,1cf4
4701,1d9s
4706,1cx1
4716,1n4c
4717,1f7w
4721,1d8j
4725,1hzr
4735,1jyt
4738,1fa4
4740,1gh9
4743,1ehj
4745,1k8s
4751,1ivm
4752,1j9i
4754,1hzq
4757,1dv0
4759,1qpu
4760,1c49
4771,1s62
4775,1duj
4776,1qxn
4778,1fi6
4779,1plo
4780,1f6u
4781,1f6u
4791,1jr6
4792,2an7
4797,1kd6
4798,1fpw
4799,1fio
4814,1ls4
4815,1ffj
4816,1jo7
4825,1m58
4829,1jxs
4833,1g6e
4837,1e8e
4838,1l4w
4841,1e91
4845,1e74
4846,1e75
4847,1e76
4850,1fov
4862,1fvn
4869,1lwm
4872,1fmh
4876,1qqy
4879,1ija
4880,1h67
4883,1qqy
4884,1g47
4887,1qqy
4890,1g25
4891,1g6m
4892,1m31
4893,1kvz
4894,1ekz
4895,1g6p
4899,1g5v
4900,1heh
4902,1j9d
4906,1hf9
4907,1fjp
4909,1a3k
4910,1hdl
4911,1f96
4912,1f3c
4914,1hfg
4915,1g9l
4916,1gea
4917,1bv2
4919,1g7e
4920,1g7d
4921,1g92
4923,1g9p
4924,1hp2
4925,1eyf
4927,1n02
4929,1xdx
4930,1ps2
4933,1ps2
4935,1kvv
4938,1i17
4939,1fu9
4941,1jjr
4943,1lks
4945,1hs7
4946,1hzk
4947,1hzl
4948,1hoy
4950,1qa4
4951,1qa5
4954,1hze
4957,1i1s
4959,1inz
4960,1fi3
4966,1i02
4972,1k1c
4977,1n89
4979,1ha8
4980,1qwq
4984,1kos
4986,1omp
4987,3mbp
4988,1i25
4989,1hy8
4991,1ilo
4993,1ih9
4994,1ih0
4995,1ihq
4996,1iio
4997,1jco
5004,1ik0
5006,1jbd
5007,1hwq
5010,1jaj
5012,1j7m
5018,1ich
5020,1i98
5021,1i8e
5022,1i4v
5023,1i4c
5024,1idl
5025,1idh
5026,1i5t
5027,1j8k
5028,1ib9
5030,1tuj
5031,1m2e
5033,1i2u
5034,1hu7
5036,1i11
5037,1hu5
5038,1jas
5041,1in1
5042,1j8i
5043,1h9f
5044,1ie5
5046,1idv
5047,1jbi
5048,1jbh
5049,1n6u
5050,1jc6
5051,1jcu
5052,1je9
5053,1ifw
5054,1jkn
5055,1imu
5058,1qot
5059,1je3
5060,1jdq
5062,1g6l
5065,1ibi
5066,1ji9
5070,1jh3
5071,1jc2
5072,1jbj
5073,1je4
5074,1jei
5075,1jfn
5077,1jjg
5078,1k8o
5082,1jlz
5083,1jjj
5084,1jh4
5085,1jgn
5086,1ayg
5091,1jex
5092,1jo6
5094,1jjl
5096,1jn7
5097,1ijc
5100,1j2o
5101,1gjz
5102,1kdd
5104,1jrm
5106,1jsb
5108,1jaa
5109,1j9v
5110,1j8z
5111,1j8n
5112,1jlp
5113,1jlo
5114,1jjz
5115,1ji8
5116,1ji8
5117,1jyp
5120,1gk5
5122,1jwe
5129,1iqs
5130,1iy4
5131,1gm1
5134,1js7
5135,1jrw
5136,1jdk
5137,1jd8
5138,1jcp
5139,1jc8
5140,1jar
5141,1t4z
5142,1iy3
5145,1lg4
5147,1jjd
5148,1jq4
5151,1fd6
5152,1fcl
5153,1uea
5154,1d2b
5155,1jru
5157,1k16
5159,1xke
5160,1hg6
5162,1mp1
5164,1juu
5165,1jw3
5166,1jw2
5167,1jve
5169,1jnj
5170,1ju7
5171,1jv9
5172,1k3g
5173,1k36
5174,1irz
5175,1k5o
5176,1ha9
5177,1tvj
5178,1k85
5179,1k1z
5180,1hbw
5181,1k45
5183,1k09
5184,1lgl
5185,1kat
5187,1v4r
5188,1irr
5189,1nsh
5192,1k8v
5193,1jzc
5194,1k5w
5196,1jzp
5199,1kg1
5201,1i6y
5202,1n4t
5203,1kbe
5204,1k9c
5205,1k91
5206,1uwo
5207,1kcy
5208,1bpb
5209,1bpb
5210,1k7b
5211,1ka7
5212,1ka6
5213,1k0v
5214,1d0w
5215,1d1e
5216,1d1f
5217,1kft
5220,1k0x
5222,1ezk
5225,1jns
5232,1kxl
5236,1kn7
5237,1vie
5238,1vgh
5239,2cth
5240,1qum
5241,1qum
5242,1kn6
5243,1ir5
5244,2end
5245,1k1r
5246,1kmf
5249,1dxg
5252,1kkv
5253,1kkw
5254,1krk
5255,1wkt
5256,1kka
5257,1hj0
5259,1kka
5260,1dxg
5261,1ktu
5262,1ks0
5264,1kj6
5265,1kv4
5266,1ktm
5268,1cix
5271,1dxg
5272,1kgm
5273,1kio
5274,1kjo
5275,1kri
5276,1kma
5277,1kmr
5278,1kpz
5279,1kwj
5282,1kr8
5283,1kzv
5284,1kzw
5285,1kzx
5289,1kz0
5290,1kz2
5291,1kz5
5292,1l2y
5293,1bta
5294,1k8b
5297,1l2m
5298,1l1p
5299,1klq
5301,1kyj
5302,1kuw
5303,1krx
5304,1kx7
5305,1pin
5306,1l3e
5308,1m7t
5309,1m3v
5310,2pld
5312,1nee
5313,2om4
5315,1l4s
5316,1l6n
5317,1ity
5318,2pld
5319,1jbh
5320,1jjx
5321,1l1w
5323,1l1i
5326,1l6t
5327,1l8c
5328,1l7b
5329,1l7y
5330,1jbh
5331,1jbh
5332,1jsa
5333,1it1
5334,1g03
5335,1lv3
5337,1ayf
5338,1l3y
5339,1k2k
5340,2bid
5345,1l1m
5346,1laz
5347,1hrh
5348,1iw4
5349,1lfu
5353,1lkj
5354,1ll8
5356,1lq7
5357,1lkn
5361,1iv6
5363,1lo1
5364,1go5
5365,1z3b
5366,1kmd
5368,1hur
5369,1liq
5370,1lej
5371,1lc6
5372,1lc2
5375,1ld6
5376,1lvz
5377,1uwo
5379,1ljv
5381,1ld5
5383,1lv9
5385,1n2w
5386,1lxf
5387,1g6j
5389,1n3g
5390,1lr1
5391,1lsk
5392,1l8y
5394,1lpw
5395,1lmv
5396,1lud
5398,1lmz
5399,1sxe
5401,1sxd
5403,1qaw
5405,1m25
5407,1lm0
5409,1qm9
5410,1mpz
5454,1lbj
5457,1e91
5459,1iym
5461,1lui
5462,1gaj
5463,1lv4
5464,1m36
5465,1m12
5466,1lms
5467,1ri9
5469,1iy5
5470,1iy6
5471,1d8c
5472,1m8b
5473,1m8b
5474,2hnp
5475,1m9w
5480,1cff
5481,1m94
5482,1mjd
5483,1iya
5485,1go0
5486,1ma2
5487,1ma2
5488,1ma2
5489,1ma2
5491,1iyc
5494,1m02
5495,1lmm
5498,1k4u
5499,1m5z
5500,1iyf
5501,1m4f
5502,1m4e
5503,1m39
5506,1nwv
5511,1mh1
5513,1mms
5514,1b9c
5516,1f5w
5517,1a5j
5525,1m9o
5527,1mb6
5528,1m82
5529,1m9g
5530,1lux
5531,1luu
5532,1m4p
5535,1msz
5536,1rkn
5537,1h40
5538,1h3z
5540,5fx2
5542,1omq
5544,1mwn
5545,1rmj
5547,1dki
5551,1h0z
5552,1m3g
5553,1mfy
5554,1mke
5555,1mm2
5556,1mm3
5557,1mm4
5558,1h5p
5559,1mjf
5560,1rdu
5561,1o6x
5562,1n1k
5564,1mzk
5565,1xhh
5566,1n3h
5567,1n3j
5570,1q27
5571,5fx2
5574,1myu
5575,1mxq
5576,1mo8
5577,1mo7
5578,1mx8
5579,1mx7
5580,1mqz
5581,1mqx
5582,1mqy
5583,1l3h
5585,1mtq
5586,1mv1
5587,1mv2
5588,1mv1
5589,1nxi
5592,1oqj
5596,1n91
5597,1n9c
5598,1ov2
5599,1n9d
5600,1irn
5601,1bq8
5604,1mwy
5607,1mot
5608,1n3v
5609,1n1u
5610,1mv4
5611,1n6t
5612,1n4n
5613,1n09
5614,1muv
5616,1o6w
5617,1mvz
5620,1ne3
5621,1nei
5622,1nho
5624,1nd9
5625,1a2i
5627,1nzt
5631,1n7t
5632,1na2
5633,1j0t
5652,1ne5
5653,1j0t
5654,1mpe
5655,1nc0
5657,1nr3
5659,2in2
5660,1akk
5664,1nq4
5667,1n0z
5668,1nku
5669,1nj3
5670,1nbl
5671,1naj
5672,1nh5
5673,1nau
5674,1niy
5675,1nix
5676,1n8m
5677,1k04
5678,1s7e
5679,1xyf
5681,1n96
5682,1nvh
5683,1nwb
5688,1n5p
5689,1qwv
5690,1nor
5691,1ny4
5694,1uao
5695,1nyn
5696,1rgw
5698,1nmr
5701,1r9k
5702,1axh
5705,2koc
5706,1ny9
5708,1o0z
5710,1oqk
5711,1oob
5713,1hjm
5714,1onm
5716,1k8j
5717,1k8j
5718,1k8j
5719,1s79
5720,4ake
5722,1oqp
5729,1kfz
5730,1n8c
5735,1nmj
5737,1np9
5738,1npq
5739,1n1n
5742,1on4
5744,1xq8
5745,1hko
5746,4ake
5747,1nvo
5748,1ryu
5749,1uav
5750,1osx
5752,1aox
5753,1ng7
5754,1egx
5757,1mu4
5758,1ovq
5761,1gyu
5764,1no8
5765,1iwo
5766,1nzp
5767,1orl
5768,1oq6
5769,1oq3
5770,1nwd
5771,1e9t
5773,1n8x
5775,1ntq
5776,1nts
5777,1ntt
5779,1nnv
5780,1ucp
5781,1oo7
5785,1oo9
5786,1op4
5787,1z5f
5789,1abj
5790,1nwb
5791,1osl
5792,1ew4
5796,1pa4
5798,1ny8
5801,1p9j
5807,1vd0
5808,1pd7
5813,1p6t
5815,1nh4
5817,1pb5
5818,1p9k
5819,1ehk
5820,1pjz
5821,1fgu
5822,1fgu
5823,1fgu
5824,1q6a
5833,1r3b
5834,1pjy
5836,1poq
5839,1igd
5841,1mzk
5842,1q48
5843,1q53
5844,1pqx
5845,1r57
5847,1pv0
5848,1ugl
5849,1ufm
5850,1p8a
5851,1p7a
5852,1ow9
5856,1ird
5859,1pp5
5860,1pxq
5861,1rfl
5864,1p9f
5865,1pvz
5866,1ppx
5867,1uhf
5868,1pve
5869,1pqr
5870,1ugt
5873,1p6r
5874,1jru
5875,1q1o
5876,1jru
5877,1pjf
5878,1ssf
5879,1q5f
5880,1uhu
5881,1q2j
5882,2oii
5885,1pzq
5887,1oun
5891,1xsx
5892,2a2y
5899,1pux
5900,1ppq
5901,1pxe
5902,1khc
5903,2i83
5905,1sap
5907,1rw2
5908,1sap
5909,1b40
5910,1b40
5911,1q2i
5912,1q2z
5913,1pe4
5914,1plx
5915,1plw
5917,1q8k
5918,1ril
5919,1mnx
5920,1umq
5922,1ujl
5923,1qvm
5924,1qvx
5925,1qvm
5926,1m2y
5927,1pqq
5928,1vdy
5929,1vee
5930,1ass
5931,1hrh
5932,1q75
5933,1x9x
5934,1q7o
5935,1fbt
5936,1e0r
5937,1q7x
5938,1qxq
5939,1q8e
5940,2arw
5941,1qxq
5944,1q68
5945,1q69
5946,2fvn
5947,1rxl
5948,1q7j
5949,1q7i
5950,2bn8
5956,1r05
5958,1v49
5960,2h3q
5961,1r40
5962,1r2p
5963,2apn
5964,1unc
5965,1unc
5966,1und
5967,1q9p
5968,1qzp
5969,1o5p
5970,1ovy
5971,1yzo
5972,1r48
5974,2aic
5975,1r2u
5977,1r73
5978,1r7c
5979,1r2l
5981,1lud
5985,1ul2
5986,1v28
5987,1r8u
5988,1p67
5989,1rl5
5991,1r36
5992,2a4j
5994,1r02
5995,1i04
5996,1i04
5998,2f1e
5999,1upo
6001,1xwe
6002,1rg6
6004,1q8g
6005,1rgo
6006,1v46
6007,1tn3
6008,1tn3
6009,1rde
6010,1rhx
6011,1rjj
6012,1rl1
6014,2ddy
6015,2avg
6017,1v4z
6018,1v50
6019,1h0x
6020,1rkk
6022,1q8l
6024,1erq
6027,1r9i
6028,1rq6
6029,1svj
6030,1x6k
6032,1wm4
6034,1b9k
6037,1rji
6038,1rjt
6039,1r9v
6040,1rg3
6041,1qvl
6042,1rfr
6043,3paz
6044,1s7a
6045,1s04
6046,1s6n
6047,1s6l
6049,1rk9
6050,1r83
6052,1sgo
6053,1adn
6054,1adn
6056,1rkl
6057,1uec
6058,1rzw
6059,1rfh
6060,1gm1
6061,1emv
6062,1s34
6063,1rim
6064,1rik
6066,1ryv
6067,1ryg
6068,1ruu
6069,1ry3
6070,1v6r
6072,1v66
6073,1rp6
6074,1h70
6075,1z2e
6076,1r7w
6077,1r7z
6078,1dpj
6079,1ti3
6081,2jnf
6082,1s6d
6083,1s4t
6084,1sq8
6085,1s6w
6088,1rij
6089,1siy
6090,2gt3
6091,1gm1
6092,1gm1
6093,1poz
6095,1sb0
6096,1rhw
6101,1s1o
6102,1rwu
6103,1s6j
6104,1s6i
6105,1s4a
6106,1s4j
6107,1s4h
6108,1rrz
6109,1s8k
6110,1uuc
6111,1z2f
6114,1oqa
6120,1t17
6121,2dhs
6122,1slj
6123,1hev
6126,1ry4
6127,1se7
6128,1se9
6129,1s6u
6130,1s6o
6131,1sh4
6134,1sa8
6135,1rmk
6137,1sm7
6138,1sv7
6139,1ss3
6148,2hnm
6150,2poa
6151,1smz
6152,1sj6
6154,1vd9
6155,1vda
6156,1vdb
6157,1vd8
6158,1sn6
6159,2b1o
6160,1ssu
6161,1ust
6162,1uss
6165,1ssl
6166,1ss2
6167,1snl
6168,1skl
6169,1skk
6170,1ski
6171,1srz
6172,1sb6
6175,1szl
6176,1t0y
6177,1sjr
6178,1sjq
6179,1uvf
6180,1uvg
6185,1rzs
6186,1sy8
6187,1sf0
6188,1st7
6189,1ss6
6190,1sp0
6191,1sx1
6192,1axh
6194,1axh
6197,2btt
6198,1t3v
6200,1sp7
6201,1t6w
6203,1t1p
6204,1t1k
6205,1t1q
6208,1tuz
6209,1tiz
6210,1tgq
6211,1tdp
6216,1srk
6217,1t55
6218,1t54
6219,1t52
6220,1t51
6221,1xsf
6222,1t1t
6225,2gs0
6227,1bta
6230,1hco
6231,1uv0
6233,1yx6
6235,1sfc
6236,1tkn
6237,1vk7
6238,1tot
6241,1yzb
6243,4azu
6244,1tm9
6245,1t5q
6246,1t5m
6247,1th5
6248,1ttv
6254,1txe
6259,1tvm
6260,1u0i
6261,1w1f
6262,1tk7
6263,1spw
6264,1tv0
6265,1t1h
6266,1tl4
6268,1u2n
6269,1u3m
6272,1z9v
6281,1kil
6282,1u5l
6284,2haj
6285,1u89
6286,1xc5
6287,1sxd
6289,1tm6
6290,1t2y
6292,1jiw
6293,1wnm
6294,1wnn
6295,1tvc
6296,1wnk
6298,1tey
6299,1u5m
6300,1u3o
6301,1u2u
6302,1u7m
6303,1u7j
6307,1u64
6311,2afj
6312,1w7d
6313,1dqe
6315,1u6f
6317,1utx
6318,1xfl
6320,1xhp
6321,1xfn
6322,1xfq
6324,1x9a
6325,1wo7
6326,1wo6
6327,1wo5
6328,1wo4
6329,1wo3
6330,1xsa
6331,1wqu
6335,1xjh
6336,1xsb
6337,1xo3
6338,1xo4
6339,1xo8
6340,1xo9
6341,1xoy
6342,1xox
6343,1xpn
6344,1xpw
6347,1wpd
6349,1xrd
6350,1wrg
6351,2ktx
6354,1tqz
6355,1xhj
6356,1xaq
6357,1erq
6358,1xs3
6359,1xs8
6362,1xjs
6365,1xn6
6366,1zts
6367,1xn7
6369,1xn5
6370,1wqk
6374,1xwh
6376,2bvb
6377,1xyj
6378,1xyk
6380,1xyq
6381,1xyu
6382,1xu0
6383,1xyw
6384,1xut
6386,1y1b
6387,1y1c
6388,1xv3
6389,1wt7
6390,2agm
6392,1o7b
6393,1o7c
6395,1yr1
6396,1y4o
6398,1y9o
6399,1e96
6400,2f76
6401,2f77
6402,1y00
6403,1y2s
6407,2fk4
6410,1z7r
6416,1uiu
6419,1xu6
6420,1xt7
6421,1xxz
6422,1xy4
6423,1xy5
6424,1xy6
6425,1xy8
6426,1xy9
6427,1y03
6434,1z1z
6437,2gmd
6438,2j48
6443,1ydu
6444,1ycm
6446,1y4e
6447,1y7x
6448,1xhs
6454,2avx
6456,1wa7
6459,1yiu
6462,1y5c
6463,1y58
6464,1yel
6465,2aiz
6467,1wxn
6468,1p38
6474,1mzk
6475,2bgo
6476,1yqa
6477,1ymo
6478,1yfb
6479,1y6u
6480,1yjv
6481,1yju
6482,1yjt
6483,1yjr
6484,2cxj
6489,1wu0
6493,2a3j
6498,1ysm
6499,1xkm
6505,1yez
6506,1yl2
6507,1wum
6508,1wug
6509,1yg3
6510,1yxe
6511,1yt6
6516,2bar
6519,1yx8
6520,2bic
6527,1z09
6529,2f2y
6530,1ymz
6531,1yuu
6532,1yus
6536,2gtj
6539,2gto
6540,2axl
6543,1z2j
6546,1ywz
6549,2qmv
6551,1z00
6552,1yzc
6553,1yza
6554,1z0q
6555,1yws
6556,1yyb
6557,1wz4
6558,1ywj
6559,1ywi
6560,1yyx
6561,1ytr
6562,1z30
6564,2bo5
6570,1zzp
6573,1yxr
6574,1yvc
6580,2bbu
6581,2a4y
6589,1x32
6591,1mmc
6594,1z2q
6596,1za8
6597,1x0o
6598,1z65
6599,1z6h
6600,1z7t
6609,1ttn
6612,1z1m
6613,1z8r
6615,1x37
6620,2gov
6624,2bye
6625,2ai6
6627,1znu
6629,1zdv
6631,1zkh
6633,1zc5
6635,2byf
6636,1x5v
6637,1mmc
6639,1mmc
6645,2ith
6647,1mmc
6649,1x60
6652,2adt
6654,1zjq
6655,1zu1
6656,1znt
6681,1zs1
6682,1zr9
6690,2bn5
6692,2bun
6693,2b2m
6696,2bug
6714,2a1c
6715,1zza
6716,1z8s
6717,1zg2
6718,1zv6
6719,1zwq
6720,1zlc
6721,1zr7
6726,1zxf
6727,2aje
6728,2a9h
6729,2e2f
6730,2aav
6731,2bw2
6737,2a2b
6738,2a4h
6739,2a2p
6740,2a05
6741,2a2h
6742,2aga
6743,2adn
6746,2akk
6748,2aff
6749,2czy
6750,2agh
6751,2afe
6752,1z87
6753,2adz
6755,2aby
6757,2ajj
6759,2h3k
6760,2npu
6761,2al3
6762,1z4h
6763,2hst
6766,2akl
6769,2amw
6771,2a63
6774,2ap7
6775,2ap8
6776,2bzt
6779,1zdx
6780,2out
6781,2aqf
6786,2iem
6790,2fvf
6794,2c34
6797,2pxg
6800,2gg1
6801,2awt
6803,2d1u
6804,2b88
6805,2b89
6806,2b87
6809,2fin
6810,2ayx
6811,2aj0
6812,2fqh
6814,2au4
6815,2atg
6816,2ahq
6817,2ak0
6818,2ajw
6820,2ami
6821,2af2
6822,2asw
6826,2b0n
6829,2czn
6835,2amn
6841,2b1u
6843,2b1w
6844,2aym
6845,2aqc
6846,2aqa
6849,2b68
6850,2b7e
6856,2aiz
6858,2aiz
6860,2gw6
6863,2bai
6864,2p7w
6865,2bbx
6867,2ari
6868,2asy
6869,2aya
6870,2auf
6872,2b38
6874,2c52
6876,2fo8
6882,2ers
6884,2fhm
6885,2ckn
6888,2g0l
6891,2ew4
6892,2esy
6893,2baf
6894,2b3a
6895,2err
6896,2bc8
6897,2bc7
6898,2bbp
6907,2f3v
6908,2f3w
6910,2fe0
6912,2i9h
6914,2arf
6916,2ewl
6919,2ch0
6920,2ffw
6921,2i96
6922,2fe9
6923,2non
6924,2axk
6925,2c06
6926,2fft
6927,2g5m
6929,2fgx
6930,2fjj
6931,2flj
6933,2fn5
6934,2fek
6938,2v1n
6943,2jnt
6945,2fs1
6949,2gpg
6951,2fqc
6952,2fqa
6953,2fj3
6954,2dci
6955,2f09
6956,2b6g
6957,2fi2
6960,2d82
6962,2fve
6963,2ddj
6964,2fvt
6965,2fwl
6969,2fxp
6971,2djk
6972,2djj
6975,2f8u
6976,2fj6
6979,2dd3
6980,2g2b
6981,2g0u
6982,2g1e
6986,2gjy
6988,2den
6989,2g1d
6991,2ceh
6993,2cef
6996,2cez
6997,2g46
7000,2a7y
7001,2g57
7002,2g3q
7005,2df0
7006,2dez
7007,2g0q
7008,2fwu
7009,2fws
7010,2flg
7011,2fxz
7012,2fxy
7014,2gdt
7019,2gri
7033,2di1
7034,2ghf
7035,2frw
7036,2fry
7050,2dj9
7051,2djc
7053,2v31
7054,2gm2
7056,2gmo
7058,2dk9
7061,2g35
7063,2g7j
7064,2gj0
7065,2g9l
7066,2g8p
7067,2g31
7068,2ga7
7069,2g9o
7070,2go9
7074,2gmg
7075,2gpf
7078,2aih
7079,2gqb
7080,2g9j
7083,2djm
7085,2grg
7087,2h0p
7089,2poj
7092,2gl1
7093,2gtv
7095,2gow
7097,2glo
7098,2gm0
7099,2gji
7101,2gjh
7102,2gjf
7103,2hji
7106,2h33
7108,2gzy
7109,2gzz
7112,2hwt
7113,2gx3
7114,2h25
7116,2glw
7117,2h1z
7119,2i3b
7120,2gyt
7121,2do8
7122,2g7h
7124,2dq5
7125,2h35
7127,2h45
7128,2ha1
7129,2ggr
7137,2h7t
7147,2h7b
7150,2h7e
7151,2h80
7158,2gqe
7166,2h9x
7167,2i3e
7170,2hc5
7177,2h8s
7178,2gzp
7179,2h7u
7180,2gzo
7181,2h3j
7182,2h7a
7184,2gvs
7185,2gut
7186,2gx1
7189,2gi4
7194,2hgh
7201,2hjq
7209,2ivw
7216,1i45
7220,2i85
7223,2hj8
7224,2hg7
7225,2hep
7226,2hga
7227,2hfi
7228,2hi6
7229,2hdl
7230,2h49
7231,2hc6
7232,2h3t
7233,2h3s
7240,1plq
7241,2hug
7243,2iz4
7251,2j0z
7252,2j11
7256,2hfd
7257,2hvz
7258,2hn8
7259,2htf
7260,2hgc
7261,2hjj
7262,2jm2
7263,2i1p
7266,2hfq
7268,2v37
7269,2jnk
7270,2o4e
7271,2nnz
7272,2i59
7273,2i1t
7274,2hh8
7276,2jmh
7282,2i9m
7283,2i9n
7284,2i9o
7285,2j4n
7287,2i7k
7288,2j5d
7291,2npl
7293,2i94
7294,2igz
7295,2igz
7296,2i8f
7297,2ida
7298,2i50
7299,2j5h
7301,2o3d
7302,2i4k
7305,2jm8
7306,2jm9
7307,2nyo
7313,2iue
7314,2e34
7315,2e36
7320,2nrg
7322,2nln
7324,2npb
7326,2nsv
7327,2nsw
7330,2e0h
7341,2j15
7349,2c0s
7350,2bzb
7351,2bze
7352,2bl6
7354,2bjc
7360,2ijy
7361,2it8
7362,2nwt
7364,2e5e
7365,2e45
7366,2noc
7367,2ns4
7371,2oa4
7382,2osr
7383,2osq
7384,2ec7
7386,2p81
7387,2p60
7388,2p5j
7389,2p5h
7390,2jqr
7392,2z2g
7396,2pp4
7397,2yyf
7399,2pjg
7400,2pji
7401,2p6j
7402,2pco
7403,2qh2
7404,2qh3
7405,2qh4
7414,2jxy
7415,2jxy
7416,2k0k
7417,2k0k
7418,2k0k
7419,2v6z
7420,2jgw
7421,2jgx
7423,2k61
7424,2k61
7425,2k61
7430,2k8v
9500,1vdj
10001,2czp
10002,1vex
10006,1wfu
10008,1wft
10009,1wfw
10011,2com
10012,1vdi
10013,1wil
10014,2f87
10018,2fdt
10019,2dhw
10022,2e8d
10024,2dw3
10025,1ul7
10026,1v5s
10027,2e0g
10028,2dwv
10029,1wfv
10030,1wjo
10031,1wjr
10032,1wjs
10033,1wjz
10034,1wk0
10035,1wk1
10036,1wlm
10037,1wjq
10038,1wjp
10039,1wgq
10040,1wgr
10041,1wgs
10042,1wgv
10043,1wgw
10044,1wh5
10045,1wh7
10046,1wi0
10047,1wjh
10048,1wji
10049,1wjt
10050,1wju
10052,1iof
10054,1wfq
10055,1wfs
10056,1wfy
10057,1wfz
10058,1wik
10059,1win
10060,1wjk
10061,1wjl
10063,1ue9
10064,1uew
10065,1ufn
10066,1ufx
10067,1uht
10068,1ujo
10069,1ujs
10070,1wez
10071,1wf1
10072,1wf2
10073,1wfj
10074,1wfm
10075,1wfn
10076,1wfo
10077,1wi8
10079,1v9v
10080,1v9w
10081,1vae
10082,1wey
10083,1wfg
10084,1wfi
10085,1wg5
10086,1wgy
10087,1wh3
10088,1wha
10089,1wj1
10090,1wjj
10091,1wjn
10092,1wh4
10093,1wh6
10094,1wh8
10095,1wh9
10097,1j0f
10098,1r79
10099,1uem
10100,1uep
10101,1ug7
10102,1ujt
10103,1uju
10104,1ujx
10105,1v31
10106,1v32
10107,1v5k
10108,1v5n
10109,1v5q
10110,1v5r
10111,1v63
10112,1v86
10113,1v5m
10114,1v5u
10115,1v88
10118,2exd
10119,1iur
10120,1ufg
10121,1j26
10122,1j3t
10123,1n27
10124,1ujv
10125,1whn
10126,1whr
10127,1whu
10128,1va9
10129,1wf5
10130,1wf9
10131,1v5p
10132,351c
10133,351c
10134,1ayg
10135,1ayg
10136,1uff
10137,2e4j
10138,2dog
10141,2e9g
10142,2e9i
10143,2e9j
10144,2ee4
10145,2ee5
10146,2ee6
10147,2ee7
10148,2ee8
10149,2e9k
10150,2elk
10151,2en6
10152,2en7
10153,2eov
10154,2eoy
10155,2ep2
10156,2yts
10157,2eos
10158,2eou
10159,2ee9
10160,2eea
10161,2eeb
10162,2eec
10163,2eed
10164,2eee
10165,2eef
10166,2em1
10167,2em2
10168,2em3
10169,2en8
10170,2en9
10171,2ena
10172,2enc
10173,2ene
10174,2enf
10175,2enh
10176,2ytm
10177,2ytp
10178,2ytt
10179,2em4
10180,2em7
10181,2em9
10182,2eme
10183,2emf
10184,2emg
10185,2ytf
10186,2ytg
10187,2yth
10188,2yti
10189,2eom
10191,2eop
10192,2eoq
10193,2yum
10194,2yuo
10195,2yup
10196,2em5
10197,2em6
10198,2em8
10199,2ema
10200,2emb
10201,2emc
10202,2emh
10203,2emi
10204,2emj
10205,2emk
10206,2eoh
10207,2eow
10208,2eox
10209,2eoz
10210,2ep0
10211,2yuq
10212,2cud
10213,2e29
10214,2yse
10215,2zaj
10216,2eof
10217,2eog
10218,2eoj
10219,2eok
10220,2eon
10221,2eor
10222,2ytq
10223,2ytr
10224,2emv
10225,2emw
10226,2emx
10227,2emy
10228,2emz
10229,2en0
10230,2en1
10231,2en2
10232,2en3
10233,2en4
10234,2yu8
10235,1wgu
10236,2roz
10237,2ysz
10238,2yt0
10239,2yt1
10240,1x69
10241,1x6b
10242,1x6d
10243,1x6e
10244,1x6f
10245,1x6g
10246,1x6h
10247,2co8
10248,1wz6
10249,1x05
10250,1x1f
10251,1x1g
10252,2co9
10253,2coa
10254,2coc
10255,2cod
10256,2cof
10257,2djr
10258,2djs
10259,2djt
10260,2dju
10261,2djv
10262,2dkm
10263,2dn7
10264,1x5b
10265,2edx
10266,2edy
10267,2edz
10268,2ee0
10269,2ee1
10270,2ee2
10271,2ee3
10272,2ekh
10273,2eki
10274,2ekj
10275,2yu0
10276,2d9t
10277,2d9u
10278,2d9v
10279,2d9w
10280,2d9x
10281,2cue
10282,2cuf
10283,2da1
10284,2da2
10285,2da3
10286,2da4
10287,2da5
10288,2da6
10289,2da7
10290,2djn
10291,2dmn
10292,2dmp
10293,2dmq
10294,2dms
10295,2dmt
10296,2dmu
10297,2e19
10298,2ys9
10299,2db8
10300,2dbj
10301,2dbk
10302,2dbm
10303,2eml
10304,2emm
10305,2emp
10306,2yrm
10307,2ytd
10308,2yte
10309,2ytj
10310,2ytk
10311,2d9y
10312,2d9z
10313,2da0
10314,2dhi
10315,2dhj
10316,2dhk
10317,2dkp
10318,2dkq
10319,2dn6
10320,2di9
10321,2dib
10322,2dic
10323,2dj4
10324,2dlg
10325,2dmb
10326,2dmc
10327,2ds4
10328,2d7m
10329,2d7n
10330,2d7o
10331,2d7p
10332,2d7q
10333,2di7
10334,2di8
10335,2dia
11002,2rlg
11003,2rlh
11004,2rlj
11005,2rls
11007,2rly
11008,2rm0
11009,2rm4
11010,2rmk
11011,2rml
11014,2rn1
11016,2rn5
11017,2rn7
11018,2rn8
11019,2rn9
11020,2rnb
11021,2rnc
11022,2rng
11024,2rnj
11026,2rmo
11027,2rn6
11029,2rnn
11030,2rno
11032,2ro0
11033,2rnz
11034,2ro5
11036,2rof
11038,2roh
11040,2rol
11041,2rop
11042,2khe
11043,2rot
11044,2roo
11045,2rpd
11046,2rpe
11047,2rpg
11048,2rph
11049,2rnd
11050,2rmy
11054,2rps
11060,2rpb
11061,2rpz
11062,2rq0
11063,2rq3
11065,2rq1
11072,2rq2
11073,2rqf
11077,2rql
11078,2z5v
11083,2ell
11173,2dag
15000,2jm0
15001,2jm1
15007,2npr
15013,2jmc
15016,2jmf
15020,2ifs
15021,2i7u
15023,2jml
15025,2nvj
15028,2ipa
15032,2jmr
15037,2iz3
15038,2ofn
15039,2jmk
15040,2i1e
15041,2i1f
15042,2i1g
15043,2i1h
15044,2i1i
15045,2jmm
15046,2ov6
15051,2i1d
15055,2jmp
15058,2jms
15059,2o10
15060,2jmt
15063,2jmu
15068,2i2j
15069,2i2h
15072,2jmx
15074,2jmo
15079,2jn0
15080,2o32
15081,2o32
15083,2o8k
15084,2jn3
15085,2jn4
15086,2jn6
15088,2jn7
15089,2jn8
15090,2jna
15094,1naq
15095,2jn5
15099,2jmy
15103,2nx6
15104,2nx7
15105,2ikd
15106,2ike
15107,2e4e
15108,2imu
15109,2jng
15110,2hdm
15111,2jnh
15112,2k4w
15113,2ihx
15115,2jni
15120,2jnp
15124,2jnr
15125,2jns
15126,2oq3
15128,2jnu
15133,2jny
15134,2jnz
15137,2jo0
15139,2jo6
15140,2eem
15142,2e8j
15145,2oyw
15152,2ot2
15153,2jo9
15154,2joa
15157,2oj7
15158,2jo7
15159,2joc
15160,2i5o
15166,2jod
15167,2joe
15169,2jof
15174,2p4l
15189,2jop
15190,2joq
15192,2jor
15193,2kao
15195,2efz
15197,2k7b
15203,2jov
15206,2jow
15208,2jox
15210,2joy
15211,2joz
15215,2jp1
15218,2jp4
15226,2uz7
15229,2nxu
15232,2pqe
15240,2jpd
15242,2jpe
15245,2ppz
15246,2jpi
15247,2v9h
15252,2jpn
15256,2jpo
15257,2jpp
15258,2jpq
15259,2jpj
15261,2jpk
15265,2jpu
15267,2jq2
15268,2jq3
15269,2jq4
15270,2jq5
15271,2jq8
15272,2jqb
15273,2jqc
15275,2jqe
15277,2jqf
15278,2jqg
15279,2jq6
15281,2jqn
15288,2jqo
15290,2jqq
15295,2jqv
15299,2z3s
15301,2jqr
15302,2jqw
15306,2jqz
15312,2jr0
15313,2kn6
15314,2jr1
15315,2z4f
15317,2jr2
15318,2jr3
15319,2jr4
15320,2jr5
15323,2jr8
15324,2jra
15325,2jrb
15327,2hgk
15329,2jrf
15331,2jrg
15332,2jrh
15335,2jrn
15338,2jrp
15339,2jrm
15341,2jrr
15342,2jrq
15343,2jrs
15344,2jrt
15345,2jrk
15347,2k8s
15348,2jrz
15349,2js0
15350,2js1
15351,2js2
15352,2js3
15353,2js4
15354,2js5
15356,2js7
15357,2js8
15358,2jsa
15359,2jsb
15361,2jsd
15362,2jsg
15367,2jur
15368,2jus
15370,2jsn
15371,2jso
15373,2jsp
15374,2ql0
15375,2qkz
15377,2jr7
15378,2jsu
15381,2jsx
15382,2jot
15384,2jst
15385,2jt0
15386,2jt1
15388,2jt3
15390,2jrd
15392,2jo5
15393,2jss
15395,2jt5
15396,2jt6
15400,2jt8
15405,2joo
15407,2jte
15411,2jsw
15413,2jth
15415,2jtm
15417,2jtp
15418,2jtt
15419,2jtv
15423,2jty
15427,2jtz
15429,2ju3
15430,2ju4
15431,2ju5
15433,2ju7
15434,2ju8
15435,2jut
15436,2juq
15437,2jua
15438,2jub
15439,2juc
15442,2jug
15444,2juh
15449,2png
15450,2jum
15451,2juo
15453,2jup
15454,2juu
15455,2juv
15456,2juw
15457,2jux
15458,2jud
15462,2juz
15464,2jv1
15465,2jv2
15466,2jv4
15471,2jva
15476,2jvd
15477,2jve
15478,2jvf
15480,2vb5
15485,2jvo
15486,2jvp
15487,2jvr
15490,2jvv
15491,2jvw
15499,2jvx
15500,2jvy
15504,2jw1
15507,2vcd
15509,2juf
15511,2jw8
15515,2jw3
15528,2jwn
15532,2jp9
15533,2jpa
15535,2jws
15536,2jwt
15537,2jwu
15538,2jwv
15542,2jwy
15543,2jx2
15547,2jx5
15550,2jx8
15553,2jx9
15554,2jxc
15555,2jxd
15559,2jxf
15562,2jxn
15567,2jxo
15568,2jxp
15571,2jxq
15572,2jxs
15573,2jxt
15574,2jxu
15575,2jxw
15576,2jxx
15578,2jxy
15579,2jy0
15580,2jy3
15582,2jy4
15584,2jy9
15585,2jya
15591,2jy7
15592,2jy8
15593,2jyc
15596,2jyo
15601,2kph
15603,2k1g
15604,2jz2
15607,2jz4
15608,2jz5
15609,2jz6
15610,2jz8
15611,2jza
15613,2k4l
15614,2jzb
15615,2kma
15617,2jzc
15618,2jzd
15622,2job
15623,2k7d
15624,2jzi
15628,2jzu
15633,2k01
15635,2k03
15636,2k04
15637,2k05
15642,2k06
15644,2k0a
15645,2k0d
15647,2k0h
15648,2k0i
15650,2k0k
15651,2k0l
15652,2k0m
15655,2k0q
15658,2k0x
15659,2k0y
15660,2k05
15661,2k0z
15665,2k10
15670,2k16
15671,2k17
15673,2k19
15674,2k1b
15675,2k1c
15676,2k1d
15677,2k1e
15678,2k1h
15679,2k1m
15683,2k1s
15689,2k25
15691,2k29
15693,2k27
15695,2k28
15698,2k2a
15700,2k2c
15701,2k2d
15702,2k2e
15704,2k2f
15707,2k2j
15710,2k2m
15717,2k2n
15718,2k2o
15721,2k2p
15723,2k87
15728,2k1k
15729,2k2x
15730,2k2y
15731,2k2z
15734,2k31
15735,2k32
15737,2k33
15740,2k36
15742,2k37
15743,2kp5
15745,2jym
15746,2jpf
15747,2k3c
15750,2k3d
15752,2jwh
15753,2jwg
15762,2k3i
15763,2k3j
15765,2k3v
15774,2k3m
15776,2k3r
15777,2k3t
15778,2k3u
15780,2k3z
15781,2k41
15783,2k43
15785,2k45
15790,2k48
15791,2k49
15793,2k4b
15796,2k4d
15797,2jsz
15798,2jsy
15801,2k4j
15804,2k4m
15805,2k4n
15807,2k4q
15810,2k4v
15811,2k4x
15812,2k4y
15816,2k4z
15819,2k50
15821,2k52
15823,2k54
15825,2k57
15828,2k5c
15829,2k5d
15833,2k5e
15834,2k5f
15835,2k5g
15836,2k5h
15837,2k5i
15839,2k5j
15841,2k5l
15843,2k5n
15844,2k5p
15845,2k5o
15847,2k5r
15849,2k5v
15850,2k5w
15851,2k60
15852,2k61
15854,2k62
15855,2kg4
15856,2k63
15857,2k64
15858,2k65
15859,2k66
15860,2k67
15863,2k6a
15864,2k6b
15866,2k6d
15870,2k6i
15873,2k6m
15874,2k6n
15876,2k6o
15877,2k6q
15879,2k6r
15880,2k6s
15893,2k6v
15894,2k6w
15896,2k6z
15897,2k70
15900,2k72
15902,2k75
15910,2k77
15912,2k79
15913,2k78
15915,2k7e
15919,2k7l
15922,2k7n
15923,2k7o
15924,2k7p
15925,2k7q
15926,2k7r
15928,2k7s
15931,2k7v
15932,2k7z
15933,2k82
15935,2k83
15938,2k85
15939,2k86
15941,2k8d
15943,2k8e
15944,2k8f
15946,2k76
15948,2kiz
15950,2k8i
15951,2k8j
15956,2k3g
15958,2k8q
15964,2k8v
15965,2k8x
15966,2k73
15981,2k8y
15983,2k9e
15987,2k9i
15988,2k9k
15989,2k9n
15995,2k9p
15996,2wcy
15999,2k9q
16001,2k9s
16002,2k9u
16005,2k9y
16006,2k9z
16007,2ka0
16012,2ka1
16014,2ka4
16015,2ka6
16018,2kab
16020,2kad
16025,2kak
16027,2k91
16029,2kan
16030,2kat
16032,2kav
16033,2kax
16034,2kay
16037,2kb2
16038,2kb3
16039,2kb4
16040,2kb6
16045,2kbi
16050,2kbm
16053,2kbt
16054,2k90
16055,2k97
16056,2kbv
16057,2kbz
16058,2kc0
16061,2kc5
16062,2kc6
16063,2kbx
16064,2kc7
16065,2kc8
16066,2kc9
16068,2kca
16070,2kcb
16071,2jpo
16072,2kcd
16073,2kcg
16074,2kch
16075,2jpo
16076,2jpo
16077,2jpo
16078,2jpo
16079,2jpo
16080,2jpo
16081,2kci
16082,2kcj
16083,2kck
16084,2kcl
16087,2kcn
16088,2kcb
16090,2kbl
16091,2kcp
16093,2kcq
16094,2kcr
16096,2kct
16097,2kcu
16098,2kcw
16100,2kcz
16101,2kd0
16102,2kd1
16103,2kd2
16107,2kd7
16109,2kdb
16110,2kdd
16111,2kpy
16114,2kdi
16116,2kdl
16117,2kdm
16118,2kdn
16119,2kdo
16122,2kdr
16126,2kdx
16127,2kdp
16129,2ke4
16135,2kmt
16137,2ke7
16142,2kec
16143,2ked
16145,2kee
16148,2keg
16149,2keh
16153,2kel
16154,2ken
16155,2keo
16156,2kes
16157,2ker
16161,2key
16164,2kep
16170,2kf4
16171,2kf5
16172,2kf6
16173,2kfb
16176,2kfd
16179,2kff
16180,2kfg
16181,2kfh
16183,2kfl
16184,2kfm
16185,2kfo
16186,2kfp
16187,2kfq
16188,2kfs
16190,2kfx
16191,2kle
16192,2kfy
16193,2kg0
16194,2kg1
16196,2kg6
16197,2kg8
16199,2kg9
16200,2kga
16201,2kgc
16202,2kgd
16203,2kge
16209,2kgg
16210,2kgi
16211,2kgj
16212,2k8z
16214,2kgo
16219,2kgt
16222,2kh3
16223,2kh4
16225,2kh6
16226,2kh7
16230,2kh9
16235,2khb
16236,2khc
16238,2khd
16239,2khf
16240,2kfw
16241,2khg
16243,2kh9
16244,2kh9
16246,2kh9
16247,2khk
16248,2kfu
16249,2khm
16250,2khn
16251,2khq
16253,2khr
16254,2kht
16255,2khv
16256,2khx
16258,2khz
16260,2ki1
16263,2km6
16264,2khp
16267,2ki8
16268,2ki9
16270,2kid
16271,2kie
16272,2kif
16273,2kig
16276,2kii
16277,2kij
16278,2kil
16293,2kis
16297,2kiv
16298,2kiw
16302,2kkw
16306,2ksc
16311,2kj4
16312,2kj5
16317,2kll
16318,2kje
16319,2kjf
16320,2kjg
16321,2kjh
16325,2kjk
16332,2kjn
16333,2kjo
16336,2kjq
16338,2kjr
16339,2kjl
16344,2kjv
16345,2kjw
16347,2kjz
16348,2kk0
16349,2kk1
16352,2kk4
16353,2kk6
16356,2kka
16357,2kke
16361,2kkc
16364,2kkl
16368,2kko
16370,2kkq
16371,2kks
16372,2kku
16373,2kkv
16374,2kkx
16375,2kky
16376,2kkz
16377,2kl0
16378,2kl1
16380,2kl2
16381,2k4t
16382,2kl3
16384,2kl5
16385,2kl6
16386,2kl7
16387,2kl8
16388,2klb
16390,2klc
16396,2klq
16400,2klw
16403,2klx
16404,2kly
16408,2km0
16424,2km7
16426,2kmd
16428,2kmg
16431,2kmj
16436,2kmo
16437,2kmp
16438,2kmp
16439,2kms
16440,2kmv
16441,2kmx
16465,2kne
16466,2knf
16467,2knh
16476,2knr
16477,2knu
16478,2kna
16480,2knw
16482,2knx
16483,2kny
16484,2knz
16485,2ko0
16486,2ko1
16490,2ko6
16491,2ko7
16496,2knc
16497,2k9j
16498,2kob
16504,2koe
16505,2kkg
16507,2koh
16510,2ke1
16515,2koj
16517,2kok
16520,2kom
16524,2koo
16534,2kou
16549,2kp7
16550,2kpa
16551,2kpb
16556,2kpi
16557,2kpj
16560,2kpm
16562,2kpo
16563,2kpp
16568,2kps
16572,2kpw
16576,2kq1
16585,2kq3
16590,2kq6
16592,2kq8
16594,2kq9
16596,2kqb
16605,2kql
16606,2kqm
16607,2kqn
16608,2kqp
16612,2kqt
16617,2kqy
16620,2kr1
16624,2kr5
16636,2krf
16637,2kjd
16638,2krg
16639,2kri
16646,2krr
16647,2krs
16649,2kru
16656,2ks0
16657,2ks8
16659,2ks7
16662,2ksh
16665,2ksi
16671,2ksp
16672,2ksr
16675,2ksv
16677,2ksx
16678,2ksy
16681,2kt1
16684,2kt6
16686,2kt7
16688,2kt8
16691,2kt9
16692,2kta
16694,2ktb
16720,2ku4
16722,2ku5
16723,2ku6
16731,2kuc
16732,2kud
16733,2kue
16734,2kuf
16744,2kuo
16746,2kut
16774,2kvc
16782,2kvo
16790,2x8n
16791,2kvt
16792,2kvu
16795,2kvv
16805,2kw2
16806,2kw5
16807,2kw4
16808,2kw6
16810,2kw7
16811,2kw8
16812,2kae
16813,2knb
16817,2ksg
16818,2k8a
16822,2kgk
16824,2k42
16831,2kng
16833,2kwb
16835,2kwc
16839,2kum
16846,2ksm
16849,2kkd
16856,2kwl
16857,2kb9
16860,2kwm
16863,2kwa
16872,2kwq
16882,2khu
16901,2k6t
16922,2ksf
16944,2kyb
16947,2ksd
16950,2kxz
16951,2ky0
16953,2ky2
16968,2k6u
16970,2kym
16979,2kyr
16995,2kz0
20074,2kib
20081,1jjq